-- phpMyAdmin SQL Dump
-- version 5.2.3
-- https://www.phpmyadmin.net/
--
-- 主机： localhost
-- 生成日期： 2026-01-17 21:53:06
-- 服务器版本： 5.7.44-log
-- PHP 版本： 8.2.28

SET SQL_MODE = "NO_AUTO_VALUE_ON_ZERO";
START TRANSACTION;
SET time_zone = "+00:00";


/*!40101 SET @OLD_CHARACTER_SET_CLIENT=@@CHARACTER_SET_CLIENT */;
/*!40101 SET @OLD_CHARACTER_SET_RESULTS=@@CHARACTER_SET_RESULTS */;
/*!40101 SET @OLD_COLLATION_CONNECTION=@@COLLATION_CONNECTION */;
/*!40101 SET NAMES utf8mb4 */;

--
-- 数据库： `aiot-demo`
--

-- --------------------------------------------------------

--
-- 表的结构 `access_logs`
--

CREATE TABLE `access_logs` (
  `id` int(11) NOT NULL,
  `ip_address` varchar(45) COLLATE utf8mb4_unicode_ci NOT NULL COMMENT 'IP地址',
  `endpoint` varchar(128) COLLATE utf8mb4_unicode_ci DEFAULT NULL COMMENT '访问端点',
  `mac_address` varchar(17) COLLATE utf8mb4_unicode_ci DEFAULT NULL COMMENT 'MAC地址',
  `success` tinyint(1) DEFAULT '1' COMMENT '是否成功',
  `timestamp` datetime DEFAULT CURRENT_TIMESTAMP COMMENT '时间戳',
  `user_agent` varchar(256) COLLATE utf8mb4_unicode_ci DEFAULT NULL COMMENT '用户代理'
) ENGINE=InnoDB DEFAULT CHARSET=utf8mb4 COLLATE=utf8mb4_unicode_ci COMMENT='访问日志表（配网服务）';

--
-- 转存表中的数据 `access_logs`
--

INSERT INTO `access_logs` (`id`, `ip_address`, `endpoint`, `mac_address`, `success`, `timestamp`, `user_agent`) VALUES
(1, '39.144.83.106', '/device/info', '80:B5:4E:D6:F8:14', 1, '2025-11-15 06:11:42', 'ESP32 HTTP Client/1.0'),
(2, '39.144.83.106', '/device/info', '80:B5:4E:D6:F8:14', 1, '2025-11-15 06:12:29', 'ESP32 HTTP Client/1.0'),
(3, '39.144.83.106', '/device/info', '80:B5:4E:D6:F8:14', 1, '2025-11-15 06:48:56', 'ESP32 HTTP Client/1.0'),
(4, '39.144.83.160', '/device/info', '80:B5:4E:D6:F8:14', 1, '2025-11-15 14:19:45', 'ESP32 HTTP Client/1.0'),
(5, '39.144.83.160', '/device/info', '80:B5:4E:D6:F8:14', 1, '2025-11-15 14:32:35', 'ESP32 HTTP Client/1.0'),
(6, '39.144.83.160', '/device/info', '80:B5:4E:D6:F8:14', 1, '2025-11-15 14:36:40', 'ESP32 HTTP Client/1.0'),
(7, '39.144.83.160', '/device/info', '80:B5:4E:D6:F8:14', 1, '2025-11-16 01:27:29', 'ESP32 HTTP Client/1.0'),
(8, '39.144.83.160', '/device/info', '80:B5:4E:D6:F8:14', 1, '2025-11-16 01:31:59', 'ESP32 HTTP Client/1.0'),
(9, '39.144.83.160', '/device/info', '80:B5:4E:D6:F8:14', 1, '2025-11-16 01:37:13', 'ESP32 HTTP Client/1.0'),
(10, '120.244.51.106', '/device/info', '9C:13:9E:8A:08:54', 1, '2025-11-16 07:14:45', 'ESP32 HTTP Client/1.0'),
(11, '120.244.51.106', '/device/info', '9C:13:9E:8A:08:54', 1, '2025-11-16 07:56:10', 'ESP32 HTTP Client/1.0'),
(12, '39.144.83.160', '/device/info', '80:B5:4E:D6:F8:14', 1, '2025-11-16 08:08:34', 'ESP32 HTTP Client/1.0'),
(13, '39.144.83.160', '/device/info', '80:B5:4E:D6:F8:14', 1, '2025-11-16 08:24:04', 'ESP32 HTTP Client/1.0'),
(14, '221.223.192.18', '/device/info', '80:B5:4E:DF:3D:DC', 1, '2025-11-16 08:39:20', 'ESP32 HTTP Client/1.0'),
(15, '221.223.192.18', '/device/info', '80:B5:4E:DF:3D:DC', 1, '2025-11-16 08:55:42', 'ESP32 HTTP Client/1.0'),
(16, '221.223.192.18', '/device/info', '80:B5:4E:DF:3D:DC', 1, '2025-11-16 09:01:26', 'ESP32 HTTP Client/1.0'),
(17, '39.144.83.160', '/device/info', '80:B5:4E:D6:F8:14', 1, '2025-11-16 09:24:25', 'ESP32 HTTP Client/1.0'),
(18, '39.144.83.160', '/device/info', '80:B5:4E:D6:F8:14', 1, '2025-11-16 09:34:25', 'ESP32 HTTP Client/1.0'),
(19, '39.144.83.160', '/device/info', '80:B5:4E:D6:F8:14', 1, '2025-11-16 09:37:10', 'ESP32 HTTP Client/1.0'),
(20, '39.144.83.160', '/device/info', '80:B5:4E:D6:F8:14', 1, '2025-11-16 09:52:43', 'ESP32 HTTP Client/1.0'),
(21, '39.144.83.160', '/device/info', '80:B5:4E:D6:F8:14', 1, '2025-11-16 10:24:39', 'ESP32 HTTP Client/1.0'),
(22, '39.144.83.160', '/device/info', '80:B5:4E:D6:F8:14', 1, '2025-11-16 10:46:31', 'ESP32 HTTP Client/1.0'),
(23, '39.144.83.160', '/device/info', '80:B5:4E:D6:F8:14', 1, '2025-11-16 10:46:57', 'ESP32 HTTP Client/1.0'),
(24, '39.144.83.160', '/device/info', '80:B5:4E:D6:F8:14', 1, '2025-11-16 10:47:23', 'ESP32 HTTP Client/1.0'),
(25, '39.144.83.160', '/device/info', '80:B5:4E:D6:F8:14', 1, '2025-11-16 10:47:49', 'ESP32 HTTP Client/1.0'),
(26, '39.144.83.160', '/device/info', '80:B5:4E:D6:F8:14', 1, '2025-11-16 10:48:15', 'ESP32 HTTP Client/1.0'),
(27, '120.244.51.106', '/device/info', '9C:13:9E:8A:08:54', 1, '2025-11-17 02:40:06', 'ESP32 HTTP Client/1.0'),
(28, '39.144.78.202', '/device/info', '80:B5:4E:D6:F8:60', 1, '2025-11-17 02:55:20', 'ESP32 HTTP Client/1.0'),
(29, '39.144.78.107', '/device/info', '80:B5:4E:D6:F8:14', 1, '2025-11-17 04:43:09', 'ESP32 HTTP Client/1.0'),
(30, '39.144.78.107', '/device/info', '80:B5:4E:D6:F8:14', 1, '2025-11-17 04:43:35', 'ESP32 HTTP Client/1.0'),
(31, '39.144.78.107', '/device/info', '80:B5:4E:D6:F8:14', 1, '2025-11-17 04:44:01', 'ESP32 HTTP Client/1.0'),
(32, '39.144.78.107', '/device/info', '80:B5:4E:D6:F8:14', 1, '2025-11-17 04:44:27', 'ESP32 HTTP Client/1.0'),
(33, '39.144.78.107', '/device/info', '80:B5:4E:D6:F8:14', 1, '2025-11-17 04:44:53', 'ESP32 HTTP Client/1.0'),
(34, '39.144.78.107', '/device/info', '80:B5:4E:D6:F8:60', 1, '2025-11-17 04:44:53', 'ESP32 HTTP Client/1.0'),
(35, '39.144.78.107', '/device/info', '80:B5:4E:D6:F8:14', 1, '2025-11-17 04:45:19', 'ESP32 HTTP Client/1.0'),
(36, '39.144.78.107', '/device/info', '80:B5:4E:D6:F8:14', 1, '2025-11-17 04:45:45', 'ESP32 HTTP Client/1.0'),
(37, '39.144.78.107', '/device/info', '80:B5:4E:D6:F8:14', 1, '2025-11-17 04:46:10', 'ESP32 HTTP Client/1.0'),
(38, '39.144.78.107', '/device/info', '80:B5:4E:D6:F8:14', 1, '2025-11-17 04:46:36', 'ESP32 HTTP Client/1.0'),
(39, '39.144.78.107', '/device/info', '80:B5:4E:D6:F8:14', 1, '2025-11-17 04:47:02', 'ESP32 HTTP Client/1.0'),
(40, '39.144.78.107', '/device/info', '80:B5:4E:D6:F8:60', 1, '2025-11-17 04:47:16', 'ESP32 HTTP Client/1.0'),
(41, '39.144.78.107', '/device/info', '80:B5:4E:D6:F8:14', 1, '2025-11-17 04:47:28', 'ESP32 HTTP Client/1.0'),
(42, '39.144.78.107', '/device/info', '80:B5:4E:D6:F8:14', 1, '2025-11-17 04:48:10', 'ESP32 HTTP Client/1.0'),
(43, '39.144.78.107', '/device/info', '80:B5:4E:D6:F8:14', 1, '2025-11-17 04:50:33', 'ESP32 HTTP Client/1.0'),
(44, '223.104.43.42', '/device/info', '80:B5:4E:D6:F8:14', 1, '2025-11-17 06:02:02', 'ESP32 HTTP Client/1.0'),
(45, '221.223.192.18', '/device/info', '80:B5:4E:DF:3D:DC', 1, '2025-11-17 12:59:41', 'ESP32 HTTP Client/1.0'),
(46, '223.104.43.47', '/device/info', '80:B5:4E:D6:F8:14', 1, '2025-11-17 14:01:00', 'ESP32 HTTP Client/1.0'),
(47, '223.104.43.47', '/device/info', '80:B5:4E:D6:F8:14', 1, '2025-11-17 14:15:23', 'ESP32 HTTP Client/1.0'),
(48, '39.144.78.177', '/device/info', '9C:13:9E:8A:0F:08', 0, '2025-11-17 23:23:01', 'ESP32 HTTP Client/1.0'),
(49, '39.144.78.177', '/device/info', '9C:13:9E:8A:0F:08', 0, '2025-11-17 23:24:10', 'ESP32 HTTP Client/1.0'),
(50, '39.144.78.177', '/device/info', '9C:13:9E:8A:0F:08', 1, '2025-11-17 23:26:19', 'ESP32 HTTP Client/1.0'),
(51, '223.104.43.42', '/device/info', '9C:13:9E:8A:0F:08', 1, '2025-11-18 00:27:56', 'ESP32 HTTP Client/1.0'),
(52, '39.144.78.213', '/device/info', '80:B5:4E:D6:F8:14', 1, '2025-11-18 01:55:20', 'ESP32 HTTP Client/1.0'),
(53, '39.144.78.213', '/device/info', '80:B5:4E:D6:F8:14', 1, '2025-11-18 02:00:14', 'ESP32 HTTP Client/1.0'),
(54, '39.144.78.213', '/device/info', '80:B5:4E:D6:F8:14', 1, '2025-11-18 02:03:05', 'ESP32 HTTP Client/1.0'),
(55, '120.244.51.106', '/device/info', '9C:13:9E:8A:08:54', 1, '2025-11-18 02:31:09', 'ESP32 HTTP Client/1.0'),
(56, '221.223.192.18', '/device/info', '80:B5:4E:DF:3D:DC', 1, '2025-11-18 02:34:00', 'ESP32 HTTP Client/1.0'),
(57, '120.244.51.106', '/device/info', '9C:13:9E:8A:08:54', 1, '2025-11-18 03:56:34', 'ESP32 HTTP Client/1.0'),
(58, '120.244.51.106', '/device/info', '9C:13:9E:8A:08:54', 1, '2025-11-18 04:33:24', 'ESP32 HTTP Client/1.0'),
(59, '120.244.51.106', '/device/info', '9C:13:9E:8A:08:54', 1, '2025-11-18 04:41:39', 'ESP32 HTTP Client/1.0'),
(60, '120.244.51.106', '/device/info', '9C:13:9E:8A:08:54', 1, '2025-11-18 04:59:23', 'ESP32 HTTP Client/1.0'),
(61, '120.244.51.106', '/device/info', '9C:13:9E:8A:08:54', 1, '2025-11-18 05:19:06', 'ESP32 HTTP Client/1.0'),
(62, '120.244.51.106', '/device/info', '9C:13:9E:8A:08:54', 1, '2025-11-18 06:48:16', 'ESP32 HTTP Client/1.0'),
(63, '221.223.192.18', '/device/info', '80:B5:4E:DF:3D:DC', 1, '2025-11-18 13:46:19', 'ESP32 HTTP Client/1.0'),
(64, '120.244.51.106', '/device/info', '9C:13:9E:8A:08:54', 1, '2025-11-18 14:26:37', 'ESP32 HTTP Client/1.0'),
(65, '221.223.192.18', '/device/info', '80:B5:4E:DF:3D:DC', 1, '2025-11-18 14:54:53', 'ESP32 HTTP Client/1.0'),
(66, '221.223.192.18', '/device/info', '80:B5:4E:DF:3D:DC', 1, '2025-11-18 15:48:05', 'ESP32 HTTP Client/1.0'),
(67, '39.144.78.213', '/device/info', '80:B5:4E:D6:F8:14', 1, '2025-11-18 23:50:14', 'ESP32 HTTP Client/1.0'),
(68, '221.223.192.18', '/device/info', '80:B5:4E:DF:3D:DC', 1, '2025-11-19 03:53:23', 'ESP32 HTTP Client/1.0'),
(69, '221.223.192.18', '/device/info', '80:B5:4E:DF:3D:DC', 1, '2025-11-19 05:51:26', 'ESP32 HTTP Client/1.0'),
(70, '39.144.78.213', '/device/info', '80:B5:4E:D6:F8:14', 1, '2025-11-19 06:24:57', 'ESP32 HTTP Client/1.0'),
(71, '221.223.192.18', '/device/info', '80:B5:4E:DF:3D:DC', 1, '2025-11-19 06:31:53', 'ESP32 HTTP Client/1.0'),
(72, '120.244.51.106', '/device/info', '9C:13:9E:8A:0F:08', 1, '2025-11-19 07:22:08', 'ESP32 HTTP Client/1.0'),
(73, '120.244.51.106', '/device/info', '9C:13:9E:8A:0F:08', 1, '2025-11-19 07:23:03', 'ESP32 HTTP Client/1.0'),
(74, '120.244.51.106', '/device/info', '9C:13:9E:8A:0F:08', 1, '2025-11-19 07:29:36', 'ESP32 HTTP Client/1.0'),
(75, '120.244.51.106', '/device/info', '9C:13:9E:8A:0F:08', 0, '2025-11-19 07:49:18', 'ESP32 HTTP Client/1.0'),
(76, '120.244.51.106', '/device/info', '9C:13:9E:8A:0F:08', 0, '2025-11-19 07:59:40', 'ESP32 HTTP Client/1.0'),
(77, '120.244.51.106', '/device/info', '9C:13:9E:8A:0F:08', 0, '2025-11-19 08:00:27', 'ESP32 HTTP Client/1.0'),
(78, '120.244.51.106', '/device/info', '9C:13:9E:8A:0F:08', 0, '2025-11-19 08:00:55', 'ESP32 HTTP Client/1.0'),
(79, '120.244.51.106', '/device/info', '9C:13:9E:8A:0F:08', 0, '2025-11-19 08:01:48', 'ESP32 HTTP Client/1.0'),
(80, '120.244.51.106', '/device/info', '9C:13:9E:8A:0F:08', 0, '2025-11-19 08:02:34', 'ESP32 HTTP Client/1.0'),
(81, '120.244.51.106', '/device/info', '9C:13:9E:8A:0F:08', 0, '2025-11-19 08:05:30', 'ESP32 HTTP Client/1.0'),
(82, '120.244.51.106', '/device/info', '9C:13:9E:8A:0F:08', 1, '2025-11-19 08:11:57', 'ESP32 HTTP Client/1.0'),
(83, '120.244.51.106', '/device/info', '9C:13:9E:8A:0F:08', 1, '2025-11-19 08:19:29', 'ESP32 HTTP Client/1.0'),
(84, '120.244.51.106', '/device/info', '9C:13:9E:8A:0F:08', 1, '2025-11-19 08:25:53', 'ESP32 HTTP Client/1.0'),
(85, '120.244.51.106', '/device/info', '9C:13:9E:8A:0F:08', 1, '2025-11-19 08:31:44', 'ESP32 HTTP Client/1.0'),
(86, '120.244.51.106', '/device/info', '9C:13:9E:8A:0F:08', 1, '2025-11-19 08:42:16', 'ESP32 HTTP Client/1.0'),
(87, '120.244.51.106', '/device/info', '9C:13:9E:8A:0F:08', 1, '2025-11-19 08:43:33', 'ESP32 HTTP Client/1.0'),
(88, '120.244.51.106', '/device/info', '9C:13:9E:8A:0F:08', 1, '2025-11-19 08:47:13', 'ESP32 HTTP Client/1.0'),
(89, '120.244.51.106', '/device/info', '9C:13:9E:8A:0F:08', 1, '2025-11-19 08:48:49', 'ESP32 HTTP Client/1.0'),
(90, '120.244.51.106', '/device/info', '9C:13:9E:8A:0F:08', 1, '2025-11-19 08:51:53', 'ESP32 HTTP Client/1.0'),
(91, '120.244.51.106', '/device/info', '9C:13:9E:8A:0F:08', 1, '2025-11-19 08:55:26', 'ESP32 HTTP Client/1.0'),
(92, '120.244.51.106', '/device/info', '9C:13:9E:8A:0F:08', 1, '2025-11-19 08:58:35', 'ESP32 HTTP Client/1.0'),
(93, '120.244.51.106', '/device/info', '9C:13:9E:8A:0F:08', 1, '2025-11-19 09:14:27', 'ESP32 HTTP Client/1.0'),
(94, '120.244.51.106', '/device/info', '9C:13:9E:8A:0F:08', 1, '2025-11-19 09:16:38', 'ESP32 HTTP Client/1.0'),
(95, '39.144.78.144', '/device/info', '80:B5:4E:D6:F8:14', 1, '2025-11-19 09:22:42', 'ESP32 HTTP Client/1.0'),
(96, '223.104.43.40', '/device/info', '80:B5:4E:D6:F8:14', 1, '2025-11-19 10:09:17', 'ESP32 HTTP Client/1.0'),
(97, '120.244.51.106', '/device/info', '9C:13:9E:8A:0F:08', 0, '2025-11-19 10:55:31', 'ESP32 HTTP Client/1.0'),
(98, '120.244.51.106', '/device/info', '9C:13:9E:8A:0F:08', 1, '2025-11-19 11:04:36', 'ESP32 HTTP Client/1.0'),
(99, '223.104.43.19', '/device/info', '80:B5:4E:D6:F8:14', 1, '2025-11-19 11:04:41', 'ESP32 HTTP Client/1.0'),
(100, '120.244.51.106', '/device/info', '9C:13:9E:8A:0F:08', 1, '2025-11-19 11:05:50', 'ESP32 HTTP Client/1.0'),
(101, '221.223.192.18', '/device/info', '80:B5:4E:DF:3D:DC', 1, '2025-11-19 12:46:15', 'ESP32 HTTP Client/1.0'),
(102, '39.144.78.213', '/device/info', '80:B5:4E:D6:F8:60', 1, '2025-11-20 01:26:51', 'ESP32 HTTP Client/1.0'),
(103, '39.144.78.213', '/device/info', '80:B5:4E:D6:F8:60', 1, '2025-11-20 01:45:13', 'ESP32 HTTP Client/1.0'),
(104, '39.144.78.213', '/device/info', '80:B5:4E:D6:F8:60', 1, '2025-11-20 01:48:37', 'ESP32 HTTP Client/1.0'),
(105, '39.144.78.213', '/device/info', '80:B5:4E:D6:F8:60', 0, '2025-11-20 01:52:05', 'ESP32 HTTP Client/1.0'),
(106, '39.144.78.213', '/device/info', '80:B5:4E:D6:F8:60', 0, '2025-11-20 02:07:22', 'ESP32 HTTP Client/1.0'),
(107, '39.144.78.213', '/device/info', '80:B5:4E:D6:F8:60', 1, '2025-11-20 02:08:09', 'ESP32 HTTP Client/1.0'),
(108, '39.144.78.213', '/device/info', '80:B5:4E:D6:F8:60', 1, '2025-11-20 02:14:29', 'ESP32 HTTP Client/1.0'),
(109, '117.129.94.114', '/device/info', '9C:13:9E:8A:0F:08', 1, '2025-11-20 03:18:15', 'ESP32 HTTP Client/1.0'),
(110, '117.129.94.114', '/device/info', '9C:13:9E:8A:0F:08', 1, '2025-11-20 03:33:37', 'ESP32 HTTP Client/1.0'),
(111, '117.129.94.114', '/device/info', '9C:13:9E:8A:0F:08', 0, '2025-11-20 04:03:49', 'ESP32 HTTP Client/1.0'),
(112, '117.129.94.114', '/device/info', '9C:13:9E:8A:0F:08', 1, '2025-11-20 04:43:29', 'ESP32 HTTP Client/1.0'),
(113, '117.129.94.114', '/device/info', '9C:13:9E:8A:0F:08', 1, '2025-11-20 04:49:51', 'ESP32 HTTP Client/1.0'),
(114, '39.144.78.213', '/device/info', '80:B5:4E:D6:F8:60', 1, '2025-11-20 04:57:14', 'ESP32 HTTP Client/1.0'),
(115, '39.144.78.213', '/device/info', '80:B5:4E:D6:F8:14', 1, '2025-11-20 06:11:16', 'ESP32 HTTP Client/1.0'),
(116, '39.144.78.213', '/device/info', '80:B5:4E:D6:F8:14', 1, '2025-11-20 06:51:56', 'ESP32 HTTP Client/1.0'),
(117, '117.129.94.114', '/device/info', '9C:13:9E:8A:0F:08', 1, '2025-11-20 07:45:50', 'ESP32 HTTP Client/1.0'),
(118, '221.223.192.18', '/device/info', '80:B5:4E:DF:3D:DC', 1, '2025-11-20 10:48:55', 'ESP32 HTTP Client/1.0'),
(119, '223.104.43.17', '/device/info', '80:B5:4E:D6:F8:14', 1, '2025-11-20 11:39:55', 'ESP32 HTTP Client/1.0'),
(120, '221.223.192.18', '/device/info', '80:B5:4E:DF:3D:DC', 1, '2025-11-20 13:17:05', 'ESP32 HTTP Client/1.0'),
(121, '223.104.43.17', '/device/info', '80:B5:4E:D6:F8:14', 1, '2025-11-20 13:22:09', 'ESP32 HTTP Client/1.0'),
(122, '223.104.43.17', '/device/info', '80:B5:4E:D6:F8:60', 1, '2025-11-20 13:22:13', 'ESP32 HTTP Client/1.0'),
(123, '221.223.192.18', '/device/info', '80:B5:4E:DF:3D:DC', 1, '2025-11-20 13:22:46', 'ESP32 HTTP Client/1.0'),
(124, '223.104.43.17', '/device/info', '80:B5:4E:D6:F8:60', 1, '2025-11-20 13:25:16', 'ESP32 HTTP Client/1.0'),
(125, '221.223.192.18', '/device/info', '80:B5:4E:DF:3D:DC', 1, '2025-11-20 13:31:00', 'ESP32 HTTP Client/1.0'),
(126, '221.223.192.18', '/device/info', '80:B5:4E:DF:3D:DC', 1, '2025-11-20 13:31:23', 'ESP32 HTTP Client/1.0'),
(127, '221.223.192.18', '/device/info', '80:B5:4E:DF:3D:DC', 1, '2025-11-20 13:31:45', 'ESP32 HTTP Client/1.0'),
(128, '221.223.192.18', '/device/info', '80:B5:4E:DF:3D:DC', 1, '2025-11-20 13:32:18', 'ESP32 HTTP Client/1.0'),
(129, '221.223.192.18', '/device/info', '80:B5:4E:DF:3D:DC', 1, '2025-11-20 13:50:40', 'ESP32 HTTP Client/1.0'),
(130, '223.104.43.17', '/device/info', '80:B5:4E:D6:F8:60', 1, '2025-11-20 13:52:30', 'ESP32 HTTP Client/1.0'),
(131, '221.223.192.18', '/device/info', '80:B5:4E:DF:3D:DC', 1, '2025-11-20 14:10:37', 'ESP32 HTTP Client/1.0'),
(132, '221.223.192.18', '/device/info', '80:B5:4E:DF:3D:DC', 1, '2025-11-20 14:48:42', 'ESP32 HTTP Client/1.0'),
(133, '221.223.192.18', '/device/info', '80:B5:4E:DF:3D:DC', 1, '2025-11-20 14:49:39', 'ESP32 HTTP Client/1.0'),
(134, '221.223.192.18', '/device/info', '80:B5:4E:DF:3D:DC', 1, '2025-11-20 14:51:10', 'ESP32 HTTP Client/1.0'),
(135, '221.223.192.18', '/device/info', '80:B5:4E:DF:3D:DC', 1, '2025-11-20 14:51:54', 'ESP32 HTTP Client/1.0'),
(136, '221.223.192.18', '/device/info', '80:B5:4E:DF:3D:DC', 1, '2025-11-20 14:53:36', 'ESP32 HTTP Client/1.0'),
(137, '221.223.192.18', '/device/info', '80:B5:4E:DF:3D:DC', 1, '2025-11-20 14:54:47', 'ESP32 HTTP Client/1.0'),
(138, '221.223.192.18', '/device/info', '80:B5:4E:DF:3D:DC', 1, '2025-11-20 14:55:42', 'ESP32 HTTP Client/1.0'),
(139, '221.223.192.18', '/device/info', '80:B5:4E:DF:3D:DC', 1, '2025-11-20 15:09:05', 'ESP32 HTTP Client/1.0'),
(140, '221.223.192.18', '/device/info', '80:B5:4E:DF:3D:DC', 1, '2025-11-20 15:37:50', 'ESP32 HTTP Client/1.0'),
(141, '117.129.94.114', '/device/info', '9C:13:9E:8A:0F:08', 1, '2025-11-20 16:21:12', 'ESP32 HTTP Client/1.0'),
(142, '117.129.94.114', '/device/info', '9C:13:9E:8A:0F:08', 1, '2025-11-21 01:05:59', 'ESP32 HTTP Client/1.0'),
(143, '117.129.94.114', '/device/info', '9C:13:9E:8A:0F:08', 1, '2025-11-21 01:15:37', 'ESP32 HTTP Client/1.0'),
(144, '221.223.192.18', '/device/info', '80:B5:4E:DF:3D:DC', 1, '2025-11-21 03:40:39', 'ESP32 HTTP Client/1.0'),
(145, '221.223.192.18', '/device/info', '80:B5:4E:DF:3D:DC', 1, '2025-11-21 03:41:55', 'ESP32 HTTP Client/1.0'),
(146, '221.223.192.18', '/device/info', '80:B5:4E:DF:3D:DC', 1, '2025-11-21 04:08:43', 'ESP32 HTTP Client/1.0'),
(147, '221.223.192.18', '/device/info', '80:B5:4E:DF:3D:DC', 1, '2025-11-21 04:55:33', 'ESP32 HTTP Client/1.0'),
(148, '221.223.192.18', '/device/info', '80:B5:4E:DF:3D:DC', 1, '2025-11-21 08:41:04', 'ESP32 HTTP Client/1.0'),
(149, '221.223.192.18', '/device/info', '80:B5:4E:DF:3D:DC', 1, '2025-11-21 12:14:27', 'ESP32 HTTP Client/1.0'),
(150, '120.244.51.68', '/device/info', '9C:13:9E:8A:0F:08', 1, '2025-11-21 14:11:56', 'ESP32 HTTP Client/1.0'),
(151, '120.244.51.68', '/device/info', '9C:13:9E:8A:0F:08', 0, '2025-11-22 02:25:28', 'ESP32 HTTP Client/1.0'),
(152, '120.244.51.68', '/device/info', '9C:13:9E:8A:0F:08', 0, '2025-11-22 02:25:48', 'ESP32 HTTP Client/1.0'),
(153, '120.244.51.68', '/device/info', '9C:13:9E:8A:0F:08', 0, '2025-11-22 02:26:06', 'ESP32 HTTP Client/1.0'),
(154, '120.244.51.68', '/device/info', '9C:13:9E:8A:0F:08', 0, '2025-11-22 02:26:24', 'ESP32 HTTP Client/1.0'),
(155, '120.244.51.68', '/device/info', '9C:13:9E:8A:0F:08', 0, '2025-11-22 02:26:42', 'ESP32 HTTP Client/1.0'),
(156, '120.244.51.68', '/device/info', '9C:13:9E:8A:0F:08', 0, '2025-11-22 02:27:12', 'ESP32 HTTP Client/1.0'),
(157, '120.244.51.68', '/device/info', '9C:13:9E:8A:0F:08', 0, '2025-11-22 02:27:30', 'ESP32 HTTP Client/1.0'),
(158, '120.244.51.68', '/device/info', '9C:13:9E:8A:0F:08', 1, '2025-11-22 02:35:35', 'ESP32 HTTP Client/1.0'),
(159, '120.244.51.68', '/device/info', '9C:13:9E:8A:0F:08', 1, '2025-11-22 03:40:17', 'ESP32 HTTP Client/1.0'),
(160, '221.223.192.18', '/device/info', '80:B5:4E:DF:3D:DC', 1, '2025-11-22 04:03:08', 'ESP32 HTTP Client/1.0'),
(161, '120.244.51.68', '/device/info', '9C:13:9E:8A:0F:08', 1, '2025-11-22 08:59:21', 'ESP32 HTTP Client/1.0'),
(162, '221.223.192.18', '/device/info', '80:B5:4E:DF:3D:DC', 1, '2025-11-23 07:59:56', 'ESP32 HTTP Client/1.0'),
(163, '120.244.51.68', '/device/info', '9C:13:9E:8A:0F:08', 1, '2025-11-23 09:18:22', 'ESP32 HTTP Client/1.0'),
(164, '120.244.51.68', '/device/info', '9C:13:9E:8A:0F:08', 1, '2025-11-23 09:22:13', 'ESP32 HTTP Client/1.0'),
(165, '120.244.51.68', '/device/info', '9C:13:9E:8A:0F:08', 1, '2025-11-23 09:49:56', 'ESP32 HTTP Client/1.0'),
(166, '120.244.51.68', '/device/info', '9C:13:9E:8A:0F:08', 1, '2025-11-23 09:50:50', 'ESP32 HTTP Client/1.0'),
(167, '120.244.51.68', '/device/info', '9C:13:9E:8A:0F:08', 1, '2025-11-23 09:52:44', 'ESP32 HTTP Client/1.0'),
(168, '120.244.51.68', '/device/info', '9C:13:9E:8A:0F:08', 1, '2025-11-23 11:03:50', 'ESP32 HTTP Client/1.0'),
(169, '120.244.51.68', '/device/info', '9C:13:9E:8A:0F:08', 1, '2025-11-23 11:08:31', 'ESP32 HTTP Client/1.0'),
(170, '120.244.51.68', '/device/info', '9C:13:9E:8A:0F:08', 1, '2025-11-23 12:23:16', 'ESP32 HTTP Client/1.0'),
(171, '120.244.51.228', '/device/info', '9C:13:9E:8A:0F:08', 1, '2025-11-24 11:56:54', 'ESP32 HTTP Client/1.0'),
(172, '120.244.51.228', '/device/info', '9C:13:9E:8A:0F:08', 1, '2025-11-24 12:15:11', 'ESP32 HTTP Client/1.0'),
(173, '221.223.192.18', '/device/info', '80:B5:4E:DF:3D:DC', 1, '2025-11-25 01:10:33', 'ESP32 HTTP Client/1.0'),
(174, '120.244.50.52', '/device/info', '9C:13:9E:8A:0F:08', 1, '2025-11-25 07:19:51', 'ESP32 HTTP Client/1.0'),
(175, '221.223.192.18', '/device/info', '80:B5:4E:DF:3D:DC', 1, '2025-11-25 08:50:16', 'ESP32 HTTP Client/1.0'),
(176, '120.244.50.52', '/device/info', '9C:13:9E:8A:0F:08', 1, '2025-11-25 12:31:50', 'ESP32 HTTP Client/1.0'),
(177, '120.244.51.196', '/device/info', '9C:13:9E:8A:0F:08', 1, '2025-11-26 02:47:49', 'ESP32 HTTP Client/1.0'),
(178, '120.244.51.196', '/device/info', '9C:13:9E:8A:08:54', 1, '2025-11-26 02:50:09', 'ESP32 HTTP Client/1.0'),
(179, '120.244.51.196', '/device/info', '9C:13:9E:8A:08:54', 1, '2025-11-26 02:57:59', 'ESP32 HTTP Client/1.0'),
(180, '162.105.239.216', '/device/info', '80:B5:4E:D6:F8:14', 1, '2025-11-26 06:24:06', 'Mozilla/5.0 (Macintosh; Intel Mac OS X 10_15_7) AppleWebKit/537.36 (KHTML, like Gecko) Chrome/142.0.0.0 Safari/537.36'),
(181, '39.144.78.200', '/device/info', '80:B5:4E:D6:F8:14', 1, '2025-11-26 06:28:35', 'ESP32 HTTP Client/1.0'),
(182, '39.144.78.200', '/device/info', '80:B5:4E:D6:F8:14', 1, '2025-11-26 07:05:24', 'ESP32 HTTP Client/1.0'),
(183, '39.144.78.200', '/device/info', '80:B5:4E:D6:F8:14', 1, '2025-11-26 08:09:23', 'Mozilla/5.0 (Macintosh; Intel Mac OS X 10_15_7) AppleWebKit/605.1.15 (KHTML, like Gecko) Version/26.1 Safari/605.1.15'),
(184, '117.129.93.4', '/device/info', '9C:13:9E:8A:0F:08', 1, '2025-11-26 08:16:35', 'ESP32 HTTP Client/1.0'),
(185, '221.223.192.18', '/device/info', '80:B5:4E:DF:3D:DC', 1, '2025-11-26 09:08:34', 'ESP32 HTTP Client/1.0'),
(186, '223.104.43.59', '/device/info', '9C:13:9E:8A:08:28', 0, '2025-11-26 10:37:06', 'ESP32 HTTP Client/1.0'),
(187, '223.104.43.59', '/device/info', '9C:13:9E:8A:07:44', 0, '2025-11-26 10:37:08', 'ESP32 HTTP Client/1.0'),
(188, '223.104.43.59', '/device/info', '9C:13:9E:8A:09:A8', 0, '2025-11-26 10:37:08', 'ESP32 HTTP Client/1.0'),
(189, '223.104.43.59', '/device/info', '9C:13:9E:8A:08:28', 0, '2025-11-26 10:37:24', 'ESP32 HTTP Client/1.0'),
(190, '223.104.43.59', '/device/info', '9C:13:9E:8A:09:A8', 0, '2025-11-26 10:37:26', 'ESP32 HTTP Client/1.0'),
(191, '223.104.43.59', '/device/info', '9C:13:9E:8A:07:44', 0, '2025-11-26 10:37:27', 'ESP32 HTTP Client/1.0'),
(192, '223.104.43.59', '/device/info', '9C:13:9E:8A:08:28', 0, '2025-11-26 10:37:43', 'ESP32 HTTP Client/1.0'),
(193, '223.104.43.59', '/device/info', '9C:13:9E:8A:07:44', 0, '2025-11-26 10:37:44', 'ESP32 HTTP Client/1.0'),
(194, '223.104.43.59', '/device/info', '9C:13:9E:8A:09:A8', 0, '2025-11-26 10:37:45', 'ESP32 HTTP Client/1.0'),
(195, '223.104.43.59', '/device/info', '9C:13:9E:8A:08:28', 0, '2025-11-26 10:38:01', 'ESP32 HTTP Client/1.0'),
(196, '223.104.43.59', '/device/info', '9C:13:9E:8A:07:44', 0, '2025-11-26 10:38:02', 'ESP32 HTTP Client/1.0'),
(197, '223.104.43.59', '/device/info', '9C:13:9E:8A:09:A8', 0, '2025-11-26 10:38:03', 'ESP32 HTTP Client/1.0'),
(198, '223.104.43.59', '/device/info', '9C:13:9E:8A:08:28', 0, '2025-11-26 10:38:19', 'ESP32 HTTP Client/1.0'),
(199, '223.104.43.59', '/device/info', '9C:13:9E:8A:09:A8', 0, '2025-11-26 10:38:21', 'ESP32 HTTP Client/1.0'),
(200, '223.104.43.59', '/device/info', '9C:13:9E:8A:07:44', 0, '2025-11-26 10:38:21', 'ESP32 HTTP Client/1.0'),
(201, '223.104.43.59', '/device/info', '9C:13:9E:8A:08:28', 0, '2025-11-26 10:38:37', 'ESP32 HTTP Client/1.0'),
(202, '223.104.43.59', '/device/info', '9C:13:9E:8A:07:44', 0, '2025-11-26 10:38:39', 'ESP32 HTTP Client/1.0'),
(203, '223.104.43.59', '/device/info', '9C:13:9E:8A:09:A8', 0, '2025-11-26 10:38:40', 'ESP32 HTTP Client/1.0'),
(204, '223.104.43.59', '/device/info', '9C:13:9E:8A:08:28', 0, '2025-11-26 10:38:55', 'ESP32 HTTP Client/1.0'),
(205, '223.104.43.59', '/device/info', '9C:13:9E:8A:07:44', 0, '2025-11-26 10:38:57', 'ESP32 HTTP Client/1.0'),
(206, '223.104.43.59', '/device/info', '9C:13:9E:8A:09:A8', 0, '2025-11-26 10:38:57', 'ESP32 HTTP Client/1.0'),
(207, '223.104.43.59', '/device/info', '9C:13:9E:8A:08:28', 0, '2025-11-26 10:39:13', 'ESP32 HTTP Client/1.0'),
(208, '223.104.43.59', '/device/info', '9C:13:9E:8A:09:A8', 0, '2025-11-26 10:39:15', 'ESP32 HTTP Client/1.0'),
(209, '223.104.43.59', '/device/info', '9C:13:9E:8A:07:44', 0, '2025-11-26 10:39:16', 'ESP32 HTTP Client/1.0'),
(210, '223.104.43.59', '/device/info', '9C:13:9E:8A:08:28', 0, '2025-11-26 10:39:30', 'ESP32 HTTP Client/1.0'),
(211, '223.104.43.59', '/device/info', '9C:13:9E:8A:09:A8', 0, '2025-11-26 10:39:32', 'ESP32 HTTP Client/1.0'),
(212, '223.104.43.59', '/device/info', '9C:13:9E:8A:07:44', 0, '2025-11-26 10:39:34', 'ESP32 HTTP Client/1.0'),
(213, '223.104.43.59', '/device/info', '9C:13:9E:8A:08:28', 1, '2025-11-26 10:39:48', 'ESP32 HTTP Client/1.0'),
(214, '223.104.43.59', '/device/info', '9C:13:9E:8A:07:44', 0, '2025-11-26 10:39:53', 'ESP32 HTTP Client/1.0'),
(215, '223.104.43.59', '/device/info', '9C:13:9E:8A:07:44', 0, '2025-11-26 10:40:11', 'ESP32 HTTP Client/1.0'),
(216, '223.104.43.59', '/device/info', '9C:13:9E:8A:09:A8', 0, '2025-11-26 10:40:12', 'ESP32 HTTP Client/1.0'),
(217, '223.104.43.59', '/device/info', '9C:13:9E:8A:08:28', 1, '2025-11-26 10:40:16', 'ESP32 HTTP Client/1.0'),
(218, '223.104.43.59', '/device/info', '9C:13:9E:8A:07:44', 0, '2025-11-26 10:40:29', 'ESP32 HTTP Client/1.0'),
(219, '223.104.43.59', '/device/info', '9C:13:9E:8A:07:44', 0, '2025-11-26 10:40:47', 'ESP32 HTTP Client/1.0'),
(220, '223.104.43.59', '/device/info', '9C:13:9E:8A:07:44', 0, '2025-11-26 10:41:04', 'ESP32 HTTP Client/1.0'),
(221, '223.104.43.59', '/device/info', '9C:13:9E:8A:09:A8', 1, '2025-11-26 10:41:19', 'ESP32 HTTP Client/1.0'),
(222, '223.104.43.59', '/device/info', '9C:13:9E:8A:07:44', 0, '2025-11-26 10:41:23', 'ESP32 HTTP Client/1.0'),
(223, '223.104.43.59', '/device/info', '9C:13:9E:8A:07:44', 0, '2025-11-26 10:41:40', 'ESP32 HTTP Client/1.0'),
(224, '223.104.43.59', '/device/info', '9C:13:9E:8A:07:44', 0, '2025-11-26 10:41:58', 'ESP32 HTTP Client/1.0'),
(225, '223.104.43.59', '/device/info', '9C:13:9E:8A:09:A8', 1, '2025-11-26 10:42:01', 'ESP32 HTTP Client/1.0'),
(226, '223.104.43.59', '/device/info', '9C:13:9E:8A:07:44', 0, '2025-11-26 10:42:16', 'ESP32 HTTP Client/1.0'),
(227, '223.104.43.59', '/device/info', '9C:13:9E:8A:07:44', 0, '2025-11-26 10:42:33', 'ESP32 HTTP Client/1.0'),
(228, '223.104.43.59', '/device/info', '80:B5:4E:D6:F8:14', 1, '2025-11-26 10:42:42', 'ESP32 HTTP Client/1.0'),
(229, '223.104.43.59', '/device/info', '9C:13:9E:8A:07:44', 0, '2025-11-26 10:42:52', 'ESP32 HTTP Client/1.0'),
(230, '223.104.43.59', '/device/info', '9C:13:9E:8A:07:44', 0, '2025-11-26 10:43:09', 'ESP32 HTTP Client/1.0'),
(231, '223.104.43.59', '/device/info', '9C:13:9E:8A:07:44', 0, '2025-11-26 10:43:27', 'ESP32 HTTP Client/1.0'),
(232, '223.104.43.59', '/device/info', '9C:13:9E:8A:07:44', 0, '2025-11-26 10:43:46', 'ESP32 HTTP Client/1.0'),
(233, '223.104.43.59', '/device/info', '9C:13:9E:8A:07:44', 1, '2025-11-26 10:44:04', 'ESP32 HTTP Client/1.0'),
(234, '223.104.3.156', '/device/info', '9C:13:9E:8A:07:2C', 0, '2025-11-26 10:44:29', 'ESP32 HTTP Client/1.0'),
(235, '223.104.3.156', '/device/info', '9C:13:9E:8A:07:2C', 0, '2025-11-26 10:44:51', 'ESP32 HTTP Client/1.0'),
(236, '223.104.3.156', '/device/info', '9C:13:9E:8A:07:2C', 0, '2025-11-26 10:45:14', 'ESP32 HTTP Client/1.0'),
(237, '223.104.43.59', '/device/info', '9C:13:9E:8A:09:A8', 1, '2025-11-26 10:45:28', 'ESP32 HTTP Client/1.0'),
(238, '223.104.3.156', '/device/info', '9C:13:9E:8A:07:2C', 0, '2025-11-26 10:45:36', 'ESP32 HTTP Client/1.0'),
(239, '223.104.3.156', '/device/info', '9C:13:9E:8A:07:2C', 0, '2025-11-26 10:45:59', 'ESP32 HTTP Client/1.0'),
(240, '221.223.192.18', '/device/info', '80:B5:4E:DF:3D:DC', 1, '2025-11-26 10:46:11', 'ESP32 HTTP Client/1.0'),
(241, '223.104.3.156', '/device/info', '9C:13:9E:8A:07:2C', 0, '2025-11-26 10:46:21', 'ESP32 HTTP Client/1.0'),
(242, '223.104.3.156', '/device/info', '9C:13:9E:8A:07:2C', 1, '2025-11-26 10:46:44', 'ESP32 HTTP Client/1.0'),
(243, '223.104.43.59', '/device/info', '9C:13:9E:8A:0F:B4', 0, '2025-11-26 10:47:13', 'ESP32 HTTP Client/1.0'),
(244, '223.104.43.59', '/device/info', '9C:13:9E:8A:0F:B4', 0, '2025-11-26 10:47:31', 'ESP32 HTTP Client/1.0'),
(245, '223.104.43.59', '/device/info', '9C:13:9E:8A:0F:B4', 0, '2025-11-26 10:47:49', 'ESP32 HTTP Client/1.0'),
(246, '223.104.43.59', '/device/info', '9C:13:9E:8A:07:44', 0, '2025-11-26 10:48:01', 'ESP32 HTTP Client/1.0'),
(247, '223.104.43.59', '/device/info', '9C:13:9E:8A:0F:B4', 0, '2025-11-26 10:48:07', 'ESP32 HTTP Client/1.0'),
(248, '223.104.43.59', '/device/info', '9C:13:9E:8A:07:44', 1, '2025-11-26 10:48:19', 'ESP32 HTTP Client/1.0'),
(249, '223.104.43.59', '/device/info', '9C:13:9E:8A:0F:B4', 1, '2025-11-26 10:48:25', 'ESP32 HTTP Client/1.0'),
(250, '223.104.43.59', '/device/info', '9C:13:9E:8A:0F:B4', 1, '2025-11-26 10:49:54', 'ESP32 HTTP Client/1.0'),
(251, '223.104.43.59', '/device/info', '9C:13:9E:8A:08:28', 1, '2025-11-26 10:55:29', 'ESP32 HTTP Client/1.0'),
(252, '223.104.43.59', '/device/info', '9C:13:9E:8A:0C:78', 1, '2025-11-26 11:04:28', 'ESP32 HTTP Client/1.0'),
(253, '223.104.43.59', '/device/info', '9C:13:9E:8A:12:BC', 1, '2025-11-26 11:04:45', 'ESP32 HTTP Client/1.0'),
(254, '223.104.43.59', '/device/info', '9C:13:9E:8A:14:20', 0, '2025-11-26 11:05:04', 'ESP32 HTTP Client/1.0'),
(255, '223.104.43.59', '/device/info', '9C:13:9E:8A:14:20', 0, '2025-11-26 11:05:22', 'ESP32 HTTP Client/1.0'),
(256, '223.104.43.59', '/device/info', '9C:13:9E:8A:14:20', 0, '2025-11-26 11:05:40', 'ESP32 HTTP Client/1.0'),
(257, '223.104.43.59', '/device/info', '9C:13:9E:8A:14:20', 0, '2025-11-26 11:06:20', 'ESP32 HTTP Client/1.0'),
(258, '223.104.43.59', '/device/info', '9C:13:9E:8A:0C:5C', 1, '2025-11-26 11:07:49', 'ESP32 HTTP Client/1.0'),
(259, '223.104.43.59', '/device/info', '9C:13:9E:8A:14:20', 1, '2025-11-26 11:07:49', 'ESP32 HTTP Client/1.0'),
(260, '223.104.43.59', '/device/info', '9C:13:9E:8A:14:20', 1, '2025-11-26 11:08:56', 'ESP32 HTTP Client/1.0'),
(261, '223.104.43.59', '/device/info', '9C:13:9E:8A:09:A8', 1, '2025-11-26 11:09:38', 'ESP32 HTTP Client/1.0'),
(262, '223.104.43.59', '/device/info', '9C:13:9E:8A:0D:04', 1, '2025-11-26 11:09:42', 'ESP32 HTTP Client/1.0'),
(263, '223.104.43.59', '/device/info', '9C:13:9E:8A:14:20', 1, '2025-11-26 11:10:07', 'ESP32 HTTP Client/1.0'),
(264, '223.104.43.59', '/device/info', '9C:13:9E:8A:0D:04', 1, '2025-11-26 11:11:38', 'ESP32 HTTP Client/1.0'),
(265, '223.104.43.59', '/device/info', '9C:13:9E:8A:09:A8', 1, '2025-11-26 11:12:16', 'ESP32 HTTP Client/1.0'),
(266, '223.104.43.59', '/device/info', '9C:13:9E:8A:12:BC', 1, '2025-11-26 11:13:20', 'ESP32 HTTP Client/1.0'),
(267, '223.104.43.59', '/device/info', '80:B5:4E:D6:F8:14', 1, '2025-11-26 11:13:48', 'ESP32 HTTP Client/1.0'),
(268, '223.104.43.59', '/device/info', '9C:13:9E:8A:13:E8', 1, '2025-11-26 11:18:17', 'ESP32 HTTP Client/1.0'),
(269, '223.104.43.59', '/device/info', '9C:13:9E:8A:0C:5C', 1, '2025-11-26 11:31:35', 'ESP32 HTTP Client/1.0'),
(270, '223.104.43.59', '/device/info', '80:B5:4E:D6:F8:14', 1, '2025-11-26 11:49:55', 'ESP32 HTTP Client/1.0'),
(271, '223.104.43.59', '/device/info', '9C:13:9E:8A:13:E8', 1, '2025-11-26 11:54:11', 'ESP32 HTTP Client/1.0'),
(272, '223.104.43.59', '/device/info', '9C:13:9E:8A:09:A8', 1, '2025-11-26 11:58:31', 'ESP32 HTTP Client/1.0'),
(273, '223.104.43.59', '/device/info', '9C:13:9E:8A:0C:5C', 1, '2025-11-26 12:27:30', 'ESP32 HTTP Client/1.0'),
(274, '223.104.43.59', '/device/info', '9C:13:9E:8A:0C:5C', 1, '2025-11-26 12:29:28', 'ESP32 HTTP Client/1.0'),
(275, '223.104.43.59', '/device/info', '9C:13:9E:8A:09:A8', 1, '2025-11-26 12:33:41', 'ESP32 HTTP Client/1.0'),
(276, '117.129.93.4', '/device/info', '9C:13:9E:8A:0F:08', 1, '2025-11-27 00:15:35', 'ESP32 HTTP Client/1.0'),
(277, '117.129.93.4', '/device/info', '9C:13:9E:8A:0F:08', 0, '2025-11-27 00:57:38', 'ESP32 HTTP Client/1.0'),
(278, '117.129.93.4', '/device/info', '9C:13:9E:8A:0F:08', 0, '2025-11-27 00:57:56', 'ESP32 HTTP Client/1.0'),
(279, '117.129.93.4', '/device/info', '9C:13:9E:8A:0F:08', 0, '2025-11-27 00:58:14', 'ESP32 HTTP Client/1.0'),
(280, '117.129.93.4', '/device/info', '9C:13:9E:8A:0F:08', 0, '2025-11-27 00:58:32', 'ESP32 HTTP Client/1.0'),
(281, '117.129.93.4', '/device/info', '9C:13:9E:8A:0F:08', 0, '2025-11-27 00:58:50', 'ESP32 HTTP Client/1.0'),
(282, '117.129.93.4', '/device/info', '9C:13:9E:8A:0F:08', 0, '2025-11-27 00:59:08', 'ESP32 HTTP Client/1.0'),
(283, '117.129.93.4', '/device/info', '9C:13:9E:8A:0F:08', 0, '2025-11-27 00:59:26', 'ESP32 HTTP Client/1.0'),
(284, '117.129.93.4', '/device/info', '9C:13:9E:8A:0F:08', 0, '2025-11-27 00:59:44', 'ESP32 HTTP Client/1.0'),
(285, '117.129.93.4', '/device/info', '9C:13:9E:8A:0F:08', 0, '2025-11-27 01:02:39', 'ESP32 HTTP Client/1.0'),
(286, '117.129.93.4', '/device/info', '9C:13:9E:8A:0F:08', 0, '2025-11-27 01:02:57', 'ESP32 HTTP Client/1.0'),
(287, '117.129.93.4', '/device/info', '9C:13:9E:8A:0F:08', 0, '2025-11-27 01:03:15', 'ESP32 HTTP Client/1.0'),
(288, '117.129.93.4', '/device/info', '9C:13:9E:8A:0F:08', 0, '2025-11-27 01:03:33', 'ESP32 HTTP Client/1.0'),
(289, '117.129.93.4', '/device/info', '9C:13:9E:8A:0F:08', 0, '2025-11-27 01:03:51', 'ESP32 HTTP Client/1.0'),
(290, '117.129.93.4', '/device/info', '9C:13:9E:8A:0F:08', 0, '2025-11-27 01:04:09', 'ESP32 HTTP Client/1.0'),
(291, '117.129.93.4', '/device/info', '9C:13:9E:8A:0F:08', 0, '2025-11-27 01:04:43', 'ESP32 HTTP Client/1.0'),
(292, '117.129.93.4', '/device/info', '9C:13:9E:8A:0F:08', 0, '2025-11-27 01:05:01', 'ESP32 HTTP Client/1.0'),
(293, '117.129.93.4', '/device/info', '9C:13:9E:8A:0F:08', 0, '2025-11-27 01:05:19', 'ESP32 HTTP Client/1.0'),
(294, '117.129.93.4', '/device/info', '9C:13:9E:8A:0F:08', 0, '2025-11-27 01:05:36', 'ESP32 HTTP Client/1.0'),
(295, '117.129.93.4', '/device/info', '9C:13:9E:8A:0F:08', 0, '2025-11-27 01:05:54', 'ESP32 HTTP Client/1.0'),
(296, '117.129.93.4', '/device/info', '9C:13:9E:8A:0F:08', 0, '2025-11-27 01:06:12', 'ESP32 HTTP Client/1.0'),
(297, '117.129.93.4', '/device/info', '9C:13:9E:8A:0F:08', 0, '2025-11-27 01:06:30', 'ESP32 HTTP Client/1.0'),
(298, '117.129.93.4', '/device/info', '9C:13:9E:8A:0F:08', 0, '2025-11-27 01:06:48', 'ESP32 HTTP Client/1.0'),
(299, '117.129.93.4', '/device/info', '9C:13:9E:8A:0F:08', 0, '2025-11-27 01:07:06', 'ESP32 HTTP Client/1.0'),
(300, '117.129.93.4', '/device/info', '9C:13:9E:8A:0F:08', 0, '2025-11-27 01:19:16', 'ESP32 HTTP Client/1.0'),
(301, '117.129.93.4', '/device/info', '9C:13:9E:8A:0F:08', 0, '2025-11-27 01:19:34', 'ESP32 HTTP Client/1.0'),
(302, '117.129.93.4', '/device/info', '9C:13:9E:8A:0F:08', 0, '2025-11-27 01:19:52', 'ESP32 HTTP Client/1.0'),
(303, '117.129.93.4', '/device/info', '9C:13:9E:8A:0F:08', 0, '2025-11-27 01:20:10', 'ESP32 HTTP Client/1.0'),
(304, '221.223.192.18', '/device/info', '80:B5:4E:DF:3D:DC', 1, '2025-11-28 03:41:04', 'ESP32 HTTP Client/1.0'),
(305, '221.223.192.18', '/device/info', '80:B5:4E:DF:3D:DC', 1, '2025-11-28 03:42:50', 'ESP32 HTTP Client/1.0'),
(306, '221.223.192.18', '/device/info', '80:B5:4E:DF:3D:DC', 1, '2025-11-28 03:43:47', 'ESP32 HTTP Client/1.0'),
(307, '106.121.104.150', '/device/info', '9C:13:9E:8A:09:A8', 1, '2025-11-28 04:05:32', 'ESP32 HTTP Client/1.0'),
(308, '106.121.104.150', '/device/info', '9C:13:9E:8A:09:A8', 1, '2025-11-28 04:44:12', 'ESP32 HTTP Client/1.0'),
(309, '106.121.104.150', '/device/info', '9C:13:9E:8A:09:A8', 1, '2025-11-28 05:02:41', 'ESP32 HTTP Client/1.0'),
(310, '221.223.192.18', '/device/info', '80:B5:4E:DF:3D:DC', 1, '2025-11-28 06:04:06', 'ESP32 HTTP Client/1.0'),
(311, '117.129.93.4', '/device/info', '9C:13:9E:8A:0F:08', 1, '2025-11-28 07:49:34', 'ESP32 HTTP Client/1.0'),
(312, '117.129.93.4', '/device/info', '9C:13:9E:8A:0F:08', 1, '2025-11-28 08:07:05', 'ESP32 HTTP Client/1.0'),
(313, '117.129.93.4', '/device/info', '9C:13:9E:8A:0F:08', 1, '2025-11-28 08:08:42', 'ESP32 HTTP Client/1.0'),
(314, '106.121.104.150', '/device/info', '9C:13:9E:8A:09:A8', 1, '2025-11-28 08:54:15', 'ESP32 HTTP Client/1.0'),
(315, '106.120.124.170', '/device/info', '9C:13:9E:8A:08:28', 1, '2025-11-28 10:11:35', 'ESP32 HTTP Client/1.0'),
(316, '106.120.124.170', '/device/info', '9C:13:9E:8A:08:28', 1, '2025-11-28 10:22:38', 'ESP32 HTTP Client/1.0'),
(317, '106.120.124.170', '/device/info', '9C:13:9E:8A:08:28', 1, '2025-11-29 05:44:58', 'ESP32 HTTP Client/1.0'),
(318, '106.120.124.91', '/device/info', '9C:13:9E:8A:09:A8', 1, '2025-11-29 08:34:14', 'ESP32 HTTP Client/1.0'),
(319, '106.120.124.145', '/device/info', '9C:13:9E:8A:09:A8', 1, '2025-11-29 12:23:42', 'ESP32 HTTP Client/1.0'),
(320, '106.120.124.145', '/device/info', '9C:13:9E:8A:09:A8', 1, '2025-11-30 02:02:50', 'ESP32 HTTP Client/1.0'),
(321, '117.129.93.4', '/device/info', '9C:13:9E:8A:0F:08', 1, '2025-11-30 08:25:22', 'ESP32 HTTP Client/1.0'),
(322, '117.129.93.4', '/device/info', '9C:13:9E:8A:0F:08', 1, '2025-11-30 08:28:39', 'ESP32 HTTP Client/1.0'),
(323, '117.129.93.4', '/device/info', '9C:13:9E:8A:0F:08', 1, '2025-11-30 10:30:15', 'ESP32 HTTP Client/1.0'),
(324, '117.129.93.4', '/device/info', '9C:13:9E:8A:0F:08', 1, '2025-11-30 23:42:57', 'ESP32 HTTP Client/1.0'),
(325, '117.129.93.4', '/device/info', '9C:13:9E:8A:0F:08', 1, '2025-12-01 00:49:56', 'ESP32 HTTP Client/1.0'),
(326, '117.129.93.4', '/device/info', '9C:13:9E:8A:0F:08', 1, '2025-12-01 01:13:37', 'ESP32 HTTP Client/1.0'),
(327, '117.129.93.4', '/device/info', '9C:13:9E:8A:0F:08', 1, '2025-12-01 01:33:09', 'ESP32 HTTP Client/1.0'),
(328, '117.129.93.4', '/device/info', '9C:13:9E:8A:0F:08', 1, '2025-12-01 01:58:44', 'ESP32 HTTP Client/1.0'),
(329, '117.129.93.4', '/device/info', '9C:13:9E:8A:0F:08', 1, '2025-12-01 04:14:59', 'ESP32 HTTP Client/1.0'),
(330, '117.129.94.20', '/device/info', '9C:13:9E:8A:0F:08', 1, '2025-12-01 10:34:20', 'ESP32 HTTP Client/1.0'),
(331, '106.120.124.37', '/device/info', '9C:13:9E:8A:08:28', 1, '2025-12-02 04:22:43', 'ESP32 HTTP Client/1.0'),
(332, '106.120.124.37', '/device/info', '9C:13:9E:8A:0C:78', 1, '2025-12-02 05:12:04', 'ESP32 HTTP Client/1.0'),
(333, '106.120.124.91', '/device/info', '9C:13:9E:8A:09:A8', 1, '2025-12-03 04:30:29', 'ESP32 HTTP Client/1.0'),
(334, '106.120.124.91', '/device/info', '9C:13:9E:8A:09:A8', 1, '2025-12-03 05:44:29', 'ESP32 HTTP Client/1.0'),
(335, '106.121.81.83', '/device/info', '9C:13:9E:8A:09:A8', 1, '2025-12-03 06:20:05', 'ESP32 HTTP Client/1.0'),
(336, '106.120.124.90', '/device/info', '9C:13:9E:8A:0C:78', 1, '2025-12-03 06:47:19', 'ESP32 HTTP Client/1.0'),
(337, '106.121.81.83', '/device/info', '9C:13:9E:8A:09:A8', 1, '2025-12-03 07:54:40', 'ESP32 HTTP Client/1.0'),
(338, '106.121.81.83', '/device/info', '9C:13:9E:8A:09:A8', 1, '2025-12-03 08:00:53', 'ESP32 HTTP Client/1.0'),
(339, '106.120.124.170', '/device/info', '9C:13:9E:8A:08:28', 1, '2025-12-03 09:58:34', 'ESP32 HTTP Client/1.0'),
(340, '39.144.78.217', '/device/info', '9C:13:9E:8A:07:44', 1, '2025-12-03 10:17:02', 'ESP32 HTTP Client/1.0'),
(341, '114.254.1.2', '/device/info', '9C:13:9E:8A:07:2C', 1, '2025-12-03 10:18:15', 'ESP32 HTTP Client/1.0'),
(342, '39.144.78.217', '/device/info', '9C:13:9E:8A:14:20', 1, '2025-12-03 11:21:14', 'ESP32 HTTP Client/1.0'),
(343, '39.144.78.217', '/device/info', '9C:13:9E:8A:0D:04', 1, '2025-12-03 11:53:15', 'ESP32 HTTP Client/1.0'),
(344, '39.144.78.217', '/device/info', '9C:13:9E:8A:0D:04', 1, '2025-12-03 12:05:45', 'ESP32 HTTP Client/1.0'),
(345, '36.112.203.106', '/device/info', '9C:13:9E:8A:0C:78', 1, '2025-12-03 12:13:55', 'ESP32 HTTP Client/1.0'),
(346, '106.120.124.37', '/device/info', '9C:13:9E:8A:08:28', 1, '2025-12-05 11:20:56', 'ESP32 HTTP Client/1.0'),
(347, '114.246.236.98', '/device/info', '9C:13:9E:8A:07:2C', 1, '2025-12-08 14:43:34', 'ESP32 HTTP Client/1.0'),
(348, '114.246.236.98', '/device/info', '9C:13:9E:8A:07:2C', 1, '2025-12-09 07:49:23', 'ESP32 HTTP Client/1.0'),
(349, '114.246.236.98', '/device/info', '9C:13:9E:8A:07:2C', 1, '2025-12-09 08:31:15', 'ESP32 HTTP Client/1.0'),
(350, '114.246.239.165', '/device/info', '9C:13:9E:8A:07:2C', 1, '2025-12-09 08:44:57', 'ESP32 HTTP Client/1.0'),
(351, '114.246.236.98', '/device/info', '9C:13:9E:8A:07:2C', 1, '2025-12-09 08:46:58', 'ESP32 HTTP Client/1.0'),
(352, '114.246.236.98', '/device/info', '9C:13:9E:8A:07:2C', 1, '2025-12-09 11:06:03', 'ESP32 HTTP Client/1.0'),
(353, '106.120.124.37', '/device/info', '9C:13:9E:8A:08:28', 1, '2025-12-10 08:26:41', 'ESP32 HTTP Client/1.0'),
(354, '39.144.78.149', '/device/info', '9C:13:9E:8A:13:E8', 1, '2025-12-10 09:58:28', 'ESP32 HTTP Client/1.0'),
(355, '106.120.124.37', '/device/info', '9C:13:9E:8A:08:28', 1, '2025-12-10 09:59:23', 'ESP32 HTTP Client/1.0'),
(356, '114.254.0.113', '/device/info', '9C:13:9E:8A:07:2C', 1, '2025-12-10 10:02:26', 'ESP32 HTTP Client/1.0'),
(357, '39.144.78.149', '/device/info', '9C:13:9E:8A:13:E8', 1, '2025-12-10 10:07:00', 'ESP32 HTTP Client/1.0'),
(358, '39.144.78.149', '/device/info', '9C:13:9E:8A:0C:78', 1, '2025-12-10 10:14:10', 'ESP32 HTTP Client/1.0'),
(359, '106.120.124.91', '/device/info', '9C:13:9E:8A:09:A8', 1, '2025-12-10 10:14:10', 'ESP32 HTTP Client/1.0'),
(360, '39.144.78.149', '/device/info', '9C:13:9E:8A:0D:04', 1, '2025-12-10 10:15:50', 'ESP32 HTTP Client/1.0'),
(361, '39.144.78.149', '/device/info', '9C:13:9E:8A:13:E8', 1, '2025-12-10 10:35:45', 'ESP32 HTTP Client/1.0'),
(362, '39.144.78.149', '/device/info', '9C:13:9E:8A:13:E8', 1, '2025-12-10 10:36:21', 'ESP32 HTTP Client/1.0'),
(363, '39.144.78.149', '/device/info', '9C:13:9E:8A:13:E8', 1, '2025-12-10 10:36:59', 'ESP32 HTTP Client/1.0'),
(364, '39.144.78.149', '/device/info', '9C:13:9E:8A:13:E8', 1, '2025-12-10 10:42:45', 'ESP32 HTTP Client/1.0'),
(365, '39.144.78.149', '/device/info', '9C:13:9E:8A:12:BC', 1, '2025-12-10 10:50:43', 'ESP32 HTTP Client/1.0'),
(366, '39.144.78.149', '/device/info', '9C:13:9E:8A:07:44', 1, '2025-12-10 10:50:47', 'ESP32 HTTP Client/1.0'),
(367, '39.144.78.149', '/device/info', '9C:13:9E:8A:07:44', 1, '2025-12-10 11:12:35', 'ESP32 HTTP Client/1.0'),
(368, '39.144.78.149', '/device/info', '9C:13:9E:8A:13:E8', 1, '2025-12-10 11:23:28', 'ESP32 HTTP Client/1.0'),
(369, '39.144.78.149', '/device/info', '9C:13:9E:8A:13:E8', 1, '2025-12-10 11:24:22', 'ESP32 HTTP Client/1.0'),
(370, '39.144.78.149', '/device/info', '9C:13:9E:8A:07:44', 1, '2025-12-10 11:40:26', 'ESP32 HTTP Client/1.0'),
(371, '39.144.78.149', '/device/info', '9C:13:9E:8A:14:20', 1, '2025-12-10 12:02:15', 'ESP32 HTTP Client/1.0'),
(372, '39.144.78.149', '/device/info', '9C:13:9E:8A:12:BC', 1, '2025-12-10 12:39:54', 'ESP32 HTTP Client/1.0'),
(373, '39.144.78.149', '/device/info', '9C:13:9E:8A:12:BC', 1, '2025-12-10 12:48:59', 'ESP32 HTTP Client/1.0'),
(374, '124.127.1.14', '/device/info', '9C:13:9E:8A:0C:78', 1, '2025-12-10 13:07:10', 'ESP32 HTTP Client/1.0'),
(375, '106.120.124.144', '/device/info', '9C:13:9E:8A:07:2C', 1, '2025-12-10 13:29:41', 'ESP32 HTTP Client/1.0'),
(376, '114.246.239.114', '/device/info', '9C:13:9E:8A:0C:78', 1, '2025-12-10 13:53:14', 'ESP32 HTTP Client/1.0'),
(377, '114.246.239.114', '/device/info', '9C:13:9E:8A:0C:78', 1, '2025-12-10 14:13:24', 'ESP32 HTTP Client/1.0'),
(378, '210.12.255.219', '/device/info', '94:A9:90:30:5E:B0', 0, '2025-12-11 00:57:18', 'ESP32 HTTP Client/1.0'),
(379, '103.213.189.156', '/device/info', '94:A9:90:30:5E:B0', 0, '2025-12-11 00:58:51', 'ESP32 HTTP Client/1.0'),
(380, '103.213.189.156', '/device/info', '94:A9:90:30:5E:B0', 0, '2025-12-11 01:01:07', 'ESP32 HTTP Client/1.0'),
(381, '103.213.189.74', '/device/info', '94:A9:90:30:5E:B0', 0, '2025-12-11 01:02:16', 'ESP32 HTTP Client/1.0'),
(382, '103.213.189.74', '/device/info', '94:A9:90:30:5E:B0', 1, '2025-12-11 01:07:25', 'ESP32 HTTP Client/1.0'),
(383, '103.213.189.74', '/device/info', '94:A9:90:30:5E:B0', 1, '2025-12-11 01:11:01', 'ESP32 HTTP Client/1.0'),
(384, '103.213.189.74', '/device/info', '94:A9:90:30:5E:B0', 1, '2025-12-11 01:11:31', 'ESP32 HTTP Client/1.0'),
(385, '103.213.189.74', '/device/info', '94:A9:90:30:5E:B0', 1, '2025-12-11 01:12:16', 'ESP32 HTTP Client/1.0'),
(386, '103.213.189.74', '/device/info', '94:A9:90:30:5E:B0', 1, '2025-12-11 01:12:40', 'ESP32 HTTP Client/1.0'),
(387, '103.213.189.74', '/device/info', '94:A9:90:30:5E:B0', 1, '2025-12-11 01:15:29', 'ESP32 HTTP Client/1.0'),
(388, '210.12.255.216', '/device/info', '94:A9:90:30:5E:B0', 1, '2025-12-11 01:17:32', 'ESP32 HTTP Client/1.0'),
(389, '210.12.255.216', '/device/info', '94:A9:90:30:5E:B0', 1, '2025-12-11 05:05:41', 'ESP32 HTTP Client/1.0'),
(390, '210.12.255.216', '/device/info', '94:A9:90:30:5E:B0', 1, '2025-12-11 05:06:13', 'ESP32 HTTP Client/1.0'),
(391, '210.12.255.216', '/device/info', '94:A9:90:30:5E:B0', 1, '2025-12-11 05:08:26', 'ESP32 HTTP Client/1.0'),
(392, '117.129.94.131', '/device/info', '9C:13:9E:8A:0F:08', 1, '2025-12-11 05:28:06', 'ESP32 HTTP Client/1.0'),
(393, '117.129.94.131', '/device/info', '9C:13:9E:8A:0F:08', 1, '2025-12-11 05:31:50', 'ESP32 HTTP Client/1.0'),
(394, '117.129.94.131', '/device/info', '9C:13:9E:8A:0F:08', 1, '2025-12-11 07:11:43', 'ESP32 HTTP Client/1.0'),
(395, '117.129.94.131', '/device/info', '9C:13:9E:8A:0F:08', 1, '2025-12-12 01:46:19', 'ESP32 HTTP Client/1.0'),
(396, '117.129.94.131', '/device/info', '9C:13:9E:8A:0F:08', 1, '2025-12-12 04:40:08', 'ESP32 HTTP Client/1.0'),
(397, '117.129.94.131', '/device/info', '9C:13:9E:8A:0F:08', 1, '2025-12-12 06:37:55', 'ESP32 HTTP Client/1.0'),
(398, '117.129.94.131', '/device/info', '9C:13:9E:8A:0F:08', 1, '2025-12-12 11:47:58', 'ESP32 HTTP Client/1.0'),
(399, '117.129.94.131', '/device/info', '9C:13:9E:8A:0F:08', 1, '2025-12-12 15:37:28', 'ESP32 HTTP Client/1.0'),
(400, '117.129.94.131', '/device/info', '9C:13:9E:8A:0F:08', 1, '2025-12-12 15:50:33', 'ESP32 HTTP Client/1.0'),
(401, '117.129.94.131', '/device/info', '9C:13:9E:8A:0F:08', 1, '2025-12-12 16:22:37', 'ESP32 HTTP Client/1.0'),
(402, '117.129.94.131', '/device/info', '9C:13:9E:8A:0F:08', 1, '2025-12-12 16:36:05', 'ESP32 HTTP Client/1.0'),
(403, '114.246.236.113', '/device/info', '9C:13:9E:8A:0C:5C', 1, '2025-12-14 13:12:08', 'ESP32 HTTP Client/1.0'),
(404, '223.104.40.149', '/device/info', '9C:13:9E:8A:07:2C', 1, '2025-12-16 09:05:02', 'ESP32 HTTP Client/1.0'),
(405, '223.104.40.149', '/device/info', '9C:13:9E:8A:07:2C', 1, '2025-12-16 10:33:13', 'ESP32 HTTP Client/1.0'),
(406, '223.104.40.149', '/device/info', '9C:13:9E:8A:07:2C', 1, '2025-12-16 12:20:51', 'ESP32 HTTP Client/1.0'),
(407, '223.104.40.149', '/device/info', '9C:13:9E:8A:07:2C', 1, '2025-12-16 13:54:54', 'ESP32 HTTP Client/1.0'),
(408, '223.104.39.176', '/device/info', '9C:13:9E:8A:07:2C', 1, '2025-12-16 14:54:55', 'ESP32 HTTP Client/1.0'),
(409, '223.104.39.176', '/device/info', '9C:13:9E:8A:07:2C', 1, '2025-12-16 14:55:32', 'ESP32 HTTP Client/1.0'),
(410, '223.104.39.176', '/device/info', '9C:13:9E:8A:07:2C', 1, '2025-12-16 15:30:05', 'ESP32 HTTP Client/1.0'),
(411, '114.246.236.113', '/device/info', '9C:13:9E:8A:0C:5C', 1, '2025-12-16 15:45:13', 'ESP32 HTTP Client/1.0'),
(412, '120.244.51.19', '/device/info', '9C:13:9E:8A:0F:08', 1, '2025-12-16 16:06:54', 'ESP32 HTTP Client/1.0'),
(413, '223.104.44.6', '/device/info', '9C:13:9E:8A:0C:78', 1, '2025-12-17 03:01:09', 'ESP32 HTTP Client/1.0'),
(414, '106.120.124.37', '/device/info', '9C:13:9E:8A:0C:78', 1, '2025-12-17 03:05:47', 'ESP32 HTTP Client/1.0'),
(415, '223.104.44.6', '/device/info', '9C:13:9E:8A:0C:78', 1, '2025-12-17 03:13:39', 'ESP32 HTTP Client/1.0'),
(416, '120.244.50.115', '/device/info', '9C:13:9E:8A:0F:08', 1, '2025-12-17 03:23:18', 'ESP32 HTTP Client/1.0'),
(417, '106.120.124.156', '/device/info', '9C:13:9E:8A:0C:78', 1, '2025-12-17 03:55:34', 'ESP32 HTTP Client/1.0'),
(418, '223.104.39.176', '/device/info', '9C:13:9E:8A:07:2C', 1, '2025-12-17 09:18:22', 'ESP32 HTTP Client/1.0'),
(419, '114.244.128.85', '/device/info', '9C:13:9E:8A:0C:5C', 1, '2025-12-17 09:21:10', 'ESP32 HTTP Client/1.0'),
(420, '39.144.78.132', '/device/info', '9C:13:9E:8A:13:E8', 1, '2025-12-17 09:58:07', 'ESP32 HTTP Client/1.0'),
(421, '223.104.39.176', '/device/info', '9C:13:9E:8A:07:2C', 1, '2025-12-17 10:00:22', 'ESP32 HTTP Client/1.0'),
(422, '39.144.78.132', '/device/info', '9C:13:9E:8A:12:BC', 1, '2025-12-17 10:02:32', 'ESP32 HTTP Client/1.0'),
(423, '39.144.78.132', '/device/info', '9C:13:9E:8A:14:20', 1, '2025-12-17 10:10:02', 'ESP32 HTTP Client/1.0'),
(424, '223.160.131.52', '/device/info', '9C:13:9E:8A:0C:5C', 1, '2025-12-17 10:10:27', 'ESP32 HTTP Client/1.0'),
(425, '106.120.124.156', '/device/info', '9C:13:9E:8A:0C:78', 1, '2025-12-17 10:18:45', 'ESP32 HTTP Client/1.0'),
(426, '39.144.78.132', '/device/info', '9C:13:9E:8A:07:44', 1, '2025-12-17 10:22:25', 'ESP32 HTTP Client/1.0'),
(427, '106.120.124.170', '/device/info', '9C:13:9E:8A:08:28', 1, '2025-12-17 10:24:02', 'ESP32 HTTP Client/1.0'),
(428, '39.144.78.132', '/device/info', '9C:13:9E:8A:0F:B4', 1, '2025-12-17 10:24:24', 'ESP32 HTTP Client/1.0'),
(429, '39.144.78.132', '/device/info', '9C:13:9E:8A:14:20', 1, '2025-12-17 10:44:45', 'ESP32 HTTP Client/1.0'),
(430, '223.104.39.176', '/device/info', '9C:13:9E:8A:07:2C', 1, '2025-12-17 10:54:02', 'ESP32 HTTP Client/1.0'),
(431, '39.144.78.132', '/device/info', '9C:13:9E:8A:0F:B4', 1, '2025-12-17 10:57:45', 'ESP32 HTTP Client/1.0'),
(432, '39.144.78.132', '/device/info', '9C:13:9E:8A:14:20', 1, '2025-12-17 11:01:59', 'ESP32 HTTP Client/1.0'),
(433, '223.104.39.176', '/device/info', '9C:13:9E:8A:07:2C', 1, '2025-12-17 13:30:52', 'ESP32 HTTP Client/1.0'),
(434, '120.244.51.147', '/device/info', '9C:13:9E:8A:0F:08', 1, '2025-12-17 15:07:57', 'ESP32 HTTP Client/1.0'),
(435, '120.244.51.147', '/device/info', '9C:13:9E:8A:0F:08', 1, '2025-12-17 15:55:25', 'ESP32 HTTP Client/1.0'),
(436, '117.129.94.131', '/device/info', '9C:13:9E:8A:0F:08', 1, '2025-12-18 08:23:01', 'ESP32 HTTP Client/1.0'),
(437, '117.129.94.131', '/device/info', '9C:13:9E:8A:0F:08', 1, '2025-12-18 15:05:26', 'ESP32 HTTP Client/1.0'),
(438, '117.129.94.131', '/device/info', '9C:13:9E:8A:0F:08', 1, '2025-12-18 16:38:17', 'ESP32 HTTP Client/1.0'),
(439, '120.244.50.115', '/device/info', '9C:13:9E:8A:0F:08', 1, '2025-12-19 07:20:55', 'ESP32 HTTP Client/1.0'),
(440, '120.244.50.115', '/device/info', '9C:13:9E:8A:0F:08', 1, '2025-12-19 11:01:20', 'ESP32 HTTP Client/1.0'),
(441, '117.129.93.19', '/device/info', '9C:13:9E:8A:0F:08', 1, '2025-12-20 09:37:07', 'ESP32 HTTP Client/1.0'),
(442, '117.129.93.19', '/device/info', '9C:13:9E:8A:0F:08', 1, '2025-12-20 12:11:09', 'ESP32 HTTP Client/1.0'),
(443, '120.244.50.177', '/device/info', '9C:13:9E:8A:0F:08', 1, '2025-12-21 05:00:33', 'ESP32 HTTP Client/1.0'),
(444, '120.244.50.177', '/device/info', '9C:13:9E:8A:0F:08', 1, '2025-12-21 06:12:15', 'ESP32 HTTP Client/1.0'),
(445, '123.112.52.246', '/device/info', '80:B5:4E:DF:3D:DC', 1, '2025-12-21 08:36:48', 'ESP32 HTTP Client/1.0'),
(446, '120.244.50.177', '/device/info', '9C:13:9E:8A:0F:08', 1, '2025-12-21 10:17:17', 'ESP32 HTTP Client/1.0'),
(447, '123.112.52.246', '/device/info', '80:B5:4E:DF:3D:DC', 1, '2025-12-21 14:24:48', 'ESP32 HTTP Client/1.0'),
(448, '120.244.50.177', '/device/info', '9C:13:9E:8A:0F:08', 1, '2025-12-22 04:10:04', 'ESP32 HTTP Client/1.0'),
(449, '120.244.50.177', '/device/info', '9C:13:9E:8A:0F:08', 1, '2025-12-22 04:26:46', 'ESP32 HTTP Client/1.0'),
(450, '120.244.50.177', '/device/info', '9C:13:9E:8A:0F:08', 1, '2025-12-22 04:36:38', 'ESP32 HTTP Client/1.0'),
(451, '120.244.50.177', '/device/info', '9C:13:9E:8A:0F:08', 1, '2025-12-22 04:39:51', 'ESP32 HTTP Client/1.0');
INSERT INTO `access_logs` (`id`, `ip_address`, `endpoint`, `mac_address`, `success`, `timestamp`, `user_agent`) VALUES
(452, '120.244.50.177', '/device/info', '9C:13:9E:8A:0F:08', 1, '2025-12-22 05:35:24', 'ESP32 HTTP Client/1.0'),
(453, '223.160.130.16', '/device/info', '9C:13:9E:8A:0C:5C', 1, '2025-12-22 09:10:06', 'ESP32 HTTP Client/1.0'),
(454, '220.207.93.216', '/device/info', '9C:13:9E:8A:0C:5C', 1, '2025-12-22 09:12:11', 'ESP32 HTTP Client/1.0'),
(455, '220.207.93.216', '/device/info', '9C:13:9E:8A:0C:5C', 1, '2025-12-22 09:14:49', 'ESP32 HTTP Client/1.0'),
(456, '220.207.93.216', '/device/info', '9C:13:9E:8A:0C:5C', 1, '2025-12-22 09:17:59', 'ESP32 HTTP Client/1.0'),
(457, '117.129.93.241', '/device/info', '9C:13:9E:8A:0F:08', 1, '2025-12-23 02:39:52', 'ESP32 HTTP Client/1.0'),
(458, '117.129.93.241', '/device/info', '9C:13:9E:8A:0F:08', 1, '2025-12-23 02:44:15', 'ESP32 HTTP Client/1.0'),
(459, '117.129.93.241', '/device/info', '9C:13:9E:8A:0F:08', 1, '2025-12-23 05:04:27', 'ESP32 HTTP Client/1.0'),
(460, '117.129.93.241', '/device/info', '9C:13:9E:8A:0F:08', 1, '2025-12-23 05:12:23', 'ESP32 HTTP Client/1.0'),
(461, '117.129.93.241', '/device/info', '9C:13:9E:8A:0F:08', 1, '2025-12-23 14:45:50', 'ESP32 HTTP Client/1.0'),
(462, '117.129.93.241', '/device/info', '9C:13:9E:8A:0F:08', 1, '2025-12-23 14:46:29', 'ESP32 HTTP Client/1.0'),
(463, '117.129.93.241', '/device/info', '9C:13:9E:8A:0F:08', 1, '2025-12-23 14:50:10', 'ESP32 HTTP Client/1.0'),
(464, '220.207.93.216', '/device/info', '9C:13:9E:8A:0C:5C', 1, '2025-12-24 05:39:06', 'ESP32 HTTP Client/1.0'),
(465, '220.207.93.216', '/device/info', '9C:13:9E:8A:0C:5C', 1, '2025-12-24 05:39:57', 'ESP32 HTTP Client/1.0'),
(466, '220.207.93.216', '/device/info', '9C:13:9E:8A:0C:5C', 1, '2025-12-24 08:19:30', 'ESP32 HTTP Client/1.0'),
(467, '223.104.43.63', '/device/info', '9C:13:9E:8A:14:20', 1, '2025-12-24 10:03:33', 'ESP32 HTTP Client/1.0'),
(468, '223.104.40.223', '/device/info', '9C:13:9E:8A:07:2C', 1, '2025-12-24 10:23:54', 'ESP32 HTTP Client/1.0'),
(469, '223.104.43.63', '/device/info', '9C:13:9E:8A:0D:04', 1, '2025-12-24 10:51:30', 'ESP32 HTTP Client/1.0'),
(470, '223.104.43.63', '/device/info', '9C:13:9E:8A:14:20', 1, '2025-12-24 10:54:26', 'ESP32 HTTP Client/1.0'),
(471, '115.27.219.131', '/device/info', '9C:13:9E:8A:08:28', 1, '2025-12-24 11:00:26', 'ESP32 HTTP Client/1.0'),
(472, '223.160.131.221', '/device/info', '9C:13:9E:8A:0C:5C', 1, '2025-12-24 11:06:24', 'ESP32 HTTP Client/1.0'),
(473, '115.27.220.64', '/device/info', '9C:13:9E:8A:0C:5C', 1, '2025-12-24 11:07:54', 'ESP32 HTTP Client/1.0'),
(474, '223.104.43.63', '/device/info', '9C:13:9E:8A:14:20', 1, '2025-12-24 11:35:46', 'ESP32 HTTP Client/1.0'),
(475, '115.27.219.131', '/device/info', '9C:13:9E:8A:08:28', 1, '2025-12-24 11:56:07', 'ESP32 HTTP Client/1.0'),
(476, '223.104.43.63', '/device/info', '9C:13:9E:8A:07:44', 1, '2025-12-24 11:57:42', 'ESP32 HTTP Client/1.0'),
(477, '120.244.50.178', '/device/info', '9C:13:9E:8A:0F:08', 1, '2025-12-24 16:58:26', 'ESP32 HTTP Client/1.0'),
(478, '123.112.52.246', '/device/info', '80:B5:4E:DF:3D:DC', 1, '2025-12-26 11:55:01', 'ESP32 HTTP Client/1.0'),
(479, '123.112.52.246', '/device/info', '80:B5:4E:DF:3D:DC', 1, '2025-12-26 11:56:49', 'ESP32 HTTP Client/1.0'),
(480, '123.112.52.246', '/device/info', '80:B5:4E:DF:3D:DC', 1, '2025-12-26 12:48:38', 'ESP32 HTTP Client/1.0'),
(481, '123.112.52.246', '/device/info', '80:B5:4E:DF:3D:DC', 1, '2025-12-26 13:16:34', 'ESP32 HTTP Client/1.0'),
(482, '123.112.52.246', '/device/info', '80:B5:4E:DF:3D:DC', 1, '2025-12-26 16:12:03', 'ESP32 HTTP Client/1.0'),
(483, '123.112.52.246', '/device/info', '80:B5:4E:DF:3D:DC', 1, '2025-12-26 16:24:16', 'ESP32 HTTP Client/1.0'),
(484, '123.112.52.246', '/device/info', '80:B5:4E:DF:3D:DC', 1, '2025-12-26 16:26:12', 'ESP32 HTTP Client/1.0'),
(485, '123.112.52.246', '/device/info', '80:B5:4E:DF:3D:DC', 1, '2025-12-26 16:38:09', 'ESP32 HTTP Client/1.0'),
(486, '123.112.52.246', '/device/info', '80:B5:4E:DF:3D:DC', 1, '2025-12-26 16:47:23', 'ESP32 HTTP Client/1.0'),
(487, '124.127.221.117', '/device/info', '80:B5:4E:DF:3D:DC', 1, '2025-12-26 16:48:53', 'ESP32 HTTP Client/1.0'),
(488, '223.104.39.175', '/device/info', '80:B5:4E:DF:3D:DC', 1, '2025-12-27 01:47:26', 'ESP32 HTTP Client/1.0'),
(489, '223.104.39.175', '/device/info', '80:B5:4E:DF:3D:DC', 1, '2025-12-27 02:29:34', 'ESP32 HTTP Client/1.0'),
(490, '123.112.52.246', '/device/info', '80:B5:4E:DF:3D:DC', 1, '2025-12-28 05:57:42', 'ESP32 HTTP Client/1.0'),
(491, '117.129.93.34', '/device/info', '9C:13:9E:8A:0F:08', 0, '2025-12-29 04:22:18', 'ESP32 HTTP Client/1.0'),
(492, '117.129.93.34', '/device/info', '9C:13:9E:8A:0F:08', 0, '2025-12-29 04:22:36', 'ESP32 HTTP Client/1.0'),
(493, '117.129.93.34', '/device/info', '9C:13:9E:8A:0F:08', 0, '2025-12-29 04:22:54', 'ESP32 HTTP Client/1.0'),
(494, '117.129.93.34', '/device/info', '9C:13:9E:8A:0F:08', 0, '2025-12-29 04:23:12', 'ESP32 HTTP Client/1.0'),
(495, '117.129.93.34', '/device/info', '9C:13:9E:8A:0F:08', 0, '2025-12-29 04:23:30', 'ESP32 HTTP Client/1.0'),
(496, '117.129.93.34', '/device/info', '9C:13:9E:8A:0F:08', 0, '2025-12-29 04:23:48', 'ESP32 HTTP Client/1.0'),
(497, '117.129.93.34', '/device/info', '9C:13:9E:8A:0F:08', 0, '2025-12-29 04:24:06', 'ESP32 HTTP Client/1.0'),
(498, '117.129.93.34', '/device/info', '9C:13:9E:8A:0F:08', 0, '2025-12-29 04:24:26', 'ESP32 HTTP Client/1.0'),
(499, '117.129.93.34', '/device/info', '9C:13:9E:8A:0F:08', 0, '2025-12-29 04:24:44', 'ESP32 HTTP Client/1.0'),
(500, '123.112.52.246', '/device/info', '80:B5:4E:DF:3D:DC', 1, '2026-01-03 05:44:59', 'ESP32 HTTP Client/1.0'),
(501, '123.112.52.246', '/device/info', '80:B5:4E:DF:3D:DC', 1, '2026-01-03 05:53:17', 'ESP32 HTTP Client/1.0'),
(502, '123.112.52.246', '/device/info', '1C:DB:D4:75:12:28', 0, '2026-01-04 12:22:10', 'ESP32 HTTP Client/1.0'),
(503, '123.112.52.246', '/device/info', '1C:DB:D4:75:12:28', 0, '2026-01-04 12:22:30', 'ESP32 HTTP Client/1.0'),
(504, '123.112.52.246', '/device/info', '1C:DB:D4:75:12:28', 0, '2026-01-04 12:22:50', 'ESP32 HTTP Client/1.0'),
(505, '123.112.52.246', '/device/info', '1C:DB:D4:75:12:28', 0, '2026-01-04 12:23:10', 'ESP32 HTTP Client/1.0'),
(506, '123.112.52.246', '/device/info', '1C:DB:D4:75:12:28', 0, '2026-01-04 12:23:30', 'ESP32 HTTP Client/1.0'),
(507, '123.112.52.246', '/device/info', '1C:DB:D4:75:12:28', 0, '2026-01-04 12:23:50', 'ESP32 HTTP Client/1.0'),
(508, '123.112.52.246', '/device/info', '1C:DB:D4:75:12:28', 0, '2026-01-04 12:24:10', 'ESP32 HTTP Client/1.0'),
(509, '123.112.52.246', '/device/info', '1C:DB:D4:75:12:28', 0, '2026-01-04 12:24:29', 'ESP32 HTTP Client/1.0'),
(510, '123.112.52.246', '/device/info', '1C:DB:D4:75:12:28', 0, '2026-01-04 12:24:49', 'ESP32 HTTP Client/1.0'),
(511, '123.112.52.246', '/device/info', '1C:DB:D4:75:12:28', 0, '2026-01-04 12:25:09', 'ESP32 HTTP Client/1.0'),
(512, '123.112.52.246', '/device/info', '1C:DB:D4:75:12:28', 0, '2026-01-04 12:25:29', 'ESP32 HTTP Client/1.0'),
(513, '123.112.52.246', '/device/info', '1C:DB:D4:75:12:28', 0, '2026-01-04 12:25:49', 'ESP32 HTTP Client/1.0'),
(514, '123.112.52.246', '/device/info', '1C:DB:D4:75:12:28', 0, '2026-01-04 12:26:09', 'ESP32 HTTP Client/1.0'),
(515, '123.112.52.246', '/device/info', '1C:DB:D4:75:12:28', 0, '2026-01-04 12:26:29', 'ESP32 HTTP Client/1.0'),
(516, '123.112.52.246', '/device/info', '1C:DB:D4:75:12:28', 0, '2026-01-04 12:26:49', 'ESP32 HTTP Client/1.0'),
(517, '123.112.52.246', '/device/info', '1C:DB:D4:75:12:28', 1, '2026-01-04 12:27:08', 'ESP32 HTTP Client/1.0'),
(518, '123.112.52.246', '/device/info', '1C:DB:D4:75:12:28', 1, '2026-01-04 12:28:37', 'ESP32 HTTP Client/1.0'),
(519, '123.112.52.246', '/device/info', '1C:DB:D4:75:12:28', 1, '2026-01-04 12:37:42', 'ESP32 HTTP Client/1.0'),
(520, '123.112.52.246', '/device/info', '1C:DB:D4:75:12:28', 1, '2026-01-04 12:54:09', 'ESP32 HTTP Client/1.0'),
(521, '123.112.52.246', '/device/info', '1C:DB:D4:75:12:28', 1, '2026-01-04 12:55:06', 'ESP32 HTTP Client/1.0'),
(522, '123.112.52.246', '/device/info', '1C:DB:D4:75:12:28', 1, '2026-01-04 12:57:54', 'ESP32 HTTP Client/1.0'),
(523, '123.112.52.246', '/device/info', '1C:DB:D4:75:12:28', 1, '2026-01-04 13:29:44', 'ESP32 HTTP Client/1.0'),
(524, '223.104.3.177', '/device/info', '9C:13:9E:8A:09:A8', 1, '2026-01-05 05:49:24', 'ESP32 HTTP Client/1.0'),
(525, '223.104.3.177', '/device/info', '9C:13:9E:8A:09:A8', 1, '2026-01-05 07:22:55', 'ESP32 HTTP Client/1.0'),
(526, '223.104.3.177', '/device/info', '9C:13:9E:8A:09:A8', 1, '2026-01-05 07:36:27', 'ESP32 HTTP Client/1.0'),
(527, '223.104.3.177', '/device/info', '9C:13:9E:8A:09:A8', 1, '2026-01-05 09:34:40', 'ESP32 HTTP Client/1.0'),
(528, '115.27.210.232', '/device/info', '9C:13:9E:8A:0C:78', 1, '2026-01-07 11:51:46', 'ESP32 HTTP Client/1.0'),
(529, '115.27.210.232', '/device/info', '9C:13:9E:8A:0C:78', 1, '2026-01-07 12:53:19', 'ESP32 HTTP Client/1.0'),
(530, '115.27.220.236', '/device/info', '9C:13:9E:8A:0C:78', 1, '2026-01-08 14:34:19', 'ESP32 HTTP Client/1.0'),
(531, '182.143.177.44', '/device/info', '1C:DB:D4:75:12:28', 1, '2026-01-09 02:56:40', 'ESP32 HTTP Client/1.0'),
(532, '182.143.177.44', '/device/info', '1C:DB:D4:75:12:28', 1, '2026-01-09 03:03:29', 'ESP32 HTTP Client/1.0'),
(533, '182.143.177.44', '/device/info', '1C:DB:D4:75:12:28', 1, '2026-01-09 03:29:17', 'ESP32 HTTP Client/1.0'),
(534, '221.222.21.51', '/device/info', '9C:13:9E:8A:0F:B4', 1, '2026-01-09 04:26:48', 'ESP32 HTTP Client/1.0'),
(535, '221.222.21.51', '/device/info', '9C:13:9E:8A:0F:B4', 1, '2026-01-09 04:48:53', 'ESP32 HTTP Client/1.0'),
(536, '221.222.21.51', '/device/info', '9C:13:9E:8A:0F:B4', 1, '2026-01-09 05:28:50', 'ESP32 HTTP Client/1.0'),
(537, '182.143.177.44', '/device/info', '1C:DB:D4:75:12:28', 1, '2026-01-09 06:55:07', 'ESP32 HTTP Client/1.0'),
(538, '182.143.177.44', '/device/info', '1C:DB:D4:75:12:28', 1, '2026-01-09 07:47:25', 'ESP32 HTTP Client/1.0'),
(539, '182.143.177.44', '/device/info', '1C:DB:D4:75:12:28', 1, '2026-01-09 08:03:26', 'ESP32 HTTP Client/1.0'),
(540, '182.143.177.44', '/device/info', '1C:DB:D4:75:12:28', 1, '2026-01-09 09:23:02', 'ESP32 HTTP Client/1.0'),
(541, '182.143.177.44', '/device/info', '1C:DB:D4:75:12:28', 1, '2026-01-09 09:41:28', 'ESP32 HTTP Client/1.0'),
(542, '116.169.10.177', '/device/info', '1C:DB:D4:75:12:28', 1, '2026-01-09 11:59:40', 'ESP32 HTTP Client/1.0'),
(543, '116.169.10.177', '/device/info', '1C:DB:D4:75:12:28', 1, '2026-01-09 12:33:10', 'ESP32 HTTP Client/1.0'),
(544, '116.169.10.177', '/device/info', '1C:DB:D4:75:12:28', 1, '2026-01-09 13:12:20', 'ESP32 HTTP Client/1.0'),
(545, '116.169.81.127', '/device/info', '1C:DB:D4:75:12:28', 1, '2026-01-10 10:00:29', 'ESP32 HTTP Client/1.0'),
(546, '116.169.81.127', '/device/info', '1C:DB:D4:75:12:28', 1, '2026-01-10 10:41:46', 'ESP32 HTTP Client/1.0'),
(547, '171.219.16.196', '/device/info', '1C:DB:D4:75:12:28', 1, '2026-01-10 11:57:15', 'ESP32 HTTP Client/1.0'),
(548, '171.219.16.196', '/device/info', '1C:DB:D4:75:12:28', 1, '2026-01-10 13:15:48', 'ESP32 HTTP Client/1.0'),
(549, '116.169.81.127', '/device/info', '1C:DB:D4:75:12:28', 1, '2026-01-10 13:53:49', 'ESP32 HTTP Client/1.0'),
(550, '116.169.81.127', '/device/info', '1C:DB:D4:75:12:28', 1, '2026-01-10 14:01:49', 'ESP32 HTTP Client/1.0'),
(551, '139.204.142.72', '/device/info', '1C:DB:D4:75:12:28', 1, '2026-01-10 14:02:26', 'ESP32 HTTP Client/1.0'),
(552, '139.204.142.72', '/device/info', '1C:DB:D4:75:12:28', 1, '2026-01-10 15:58:04', 'ESP32 HTTP Client/1.0'),
(553, '116.169.71.234', '/device/info', '1C:DB:D4:75:12:28', 1, '2026-01-11 02:27:35', 'ESP32 HTTP Client/1.0'),
(554, '116.169.71.234', '/device/info', '1C:DB:D4:75:12:28', 1, '2026-01-11 02:41:30', 'ESP32 HTTP Client/1.0'),
(555, '116.169.71.234', '/device/info', '1C:DB:D4:75:12:28', 1, '2026-01-11 03:54:27', 'ESP32 HTTP Client/1.0'),
(556, '182.143.217.47', '/device/info', '1C:DB:D4:75:12:28', 1, '2026-01-11 10:13:30', 'ESP32 HTTP Client/1.0'),
(557, '182.143.217.47', '/device/info', '1C:DB:D4:75:12:28', 1, '2026-01-11 10:30:49', 'ESP32 HTTP Client/1.0'),
(558, '116.169.71.234', '/device/info', '1C:DB:D4:75:12:28', 1, '2026-01-11 10:57:01', 'ESP32 HTTP Client/1.0'),
(559, '116.169.71.234', '/device/info', '1C:DB:D4:75:12:28', 1, '2026-01-11 12:16:37', 'ESP32 HTTP Client/1.0'),
(560, '116.169.71.234', '/device/info', '1C:DB:D4:75:12:28', 1, '2026-01-11 12:18:45', 'ESP32 HTTP Client/1.0'),
(561, '116.169.71.234', '/device/info', '1C:DB:D4:75:12:28', 1, '2026-01-11 12:20:00', 'ESP32 HTTP Client/1.0'),
(562, '114.254.175.6', '/device/info', '80:B5:4E:DF:3D:DC', 1, '2026-01-12 12:57:56', 'ESP32 HTTP Client/1.0'),
(563, '111.55.150.215', '/device/info', '1C:DB:D4:75:12:28', 1, '2026-01-13 02:34:32', 'ESP32 HTTP Client/1.0'),
(564, '116.169.71.96', '/device/info', '1C:DB:D4:75:12:28', 1, '2026-01-13 02:40:06', 'ESP32 HTTP Client/1.0'),
(565, '116.169.71.96', '/device/info', '1C:DB:D4:75:12:28', 1, '2026-01-13 03:16:15', 'ESP32 HTTP Client/1.0'),
(566, '116.169.71.96', '/device/info', '1C:DB:D4:75:12:28', 1, '2026-01-13 03:54:03', 'ESP32 HTTP Client/1.0'),
(567, '116.169.71.96', '/device/info', '1C:DB:D4:75:12:28', 1, '2026-01-13 03:55:36', 'ESP32 HTTP Client/1.0'),
(568, '116.169.71.96', '/device/info', '1C:DB:D4:75:12:28', 1, '2026-01-13 04:03:59', 'ESP32 HTTP Client/1.0'),
(569, '116.169.81.116', '/device/info', '1C:DB:D4:75:12:28', 1, '2026-01-13 08:59:45', 'ESP32 HTTP Client/1.0'),
(570, '116.169.81.116', '/device/info', '1C:DB:D4:75:12:28', 1, '2026-01-13 09:31:16', 'ESP32 HTTP Client/1.0'),
(571, '114.254.175.6', '/device/info', '80:B5:4E:DF:3D:DC', 1, '2026-01-14 03:51:41', 'ESP32 HTTP Client/1.0'),
(572, '114.254.175.6', '/device/info', '80:B5:4E:DF:3D:DC', 1, '2026-01-14 03:53:52', 'ESP32 HTTP Client/1.0'),
(573, '114.254.175.6', '/device/info', '80:B5:4E:DF:3D:DC', 1, '2026-01-14 03:57:14', 'ESP32 HTTP Client/1.0'),
(574, '223.85.242.54', '/device/info', '1C:DB:D4:75:12:28', 1, '2026-01-14 04:50:56', 'ESP32 HTTP Client/1.0'),
(575, '114.254.175.6', '/device/info', '80:B5:4E:DF:3D:DC', 1, '2026-01-14 09:38:06', 'ESP32 HTTP Client/1.0'),
(576, '114.254.175.6', '/device/info', '1C:DB:D4:7A:52:84', 1, '2026-01-15 09:27:34', 'ESP32 HTTP Client/1.0'),
(577, '114.254.175.6', '/device/info', '80:B5:4E:DF:3D:DC', 1, '2026-01-15 09:28:25', 'ESP32 HTTP Client/1.0'),
(578, '114.254.175.6', '/device/info', '80:B5:4E:DF:3D:DC', 1, '2026-01-15 10:09:11', 'ESP32 HTTP Client/1.0'),
(579, '114.254.175.6', '/device/info', '80:B5:4E:DF:3D:DC', 1, '2026-01-15 11:03:00', 'ESP32 HTTP Client/1.0'),
(580, '114.254.175.6', '/device/info', '1C:DB:D4:7A:52:84', 1, '2026-01-15 12:05:46', 'ESP32 HTTP Client/1.0'),
(581, '114.254.175.6', '/device/info', '1C:DB:D4:7A:52:84', 1, '2026-01-15 12:08:35', 'ESP32 HTTP Client/1.0'),
(582, '114.254.175.6', '/device/info', '1C:DB:D4:7A:52:84', 1, '2026-01-15 12:09:22', 'ESP32 HTTP Client/1.0'),
(583, '114.254.175.6', '/device/info', '1C:DB:D4:7A:52:84', 1, '2026-01-15 12:09:45', 'ESP32 HTTP Client/1.0'),
(584, '114.254.175.6', '/device/info', '1C:DB:D4:7A:52:84', 1, '2026-01-15 12:17:38', 'ESP32 HTTP Client/1.0'),
(585, '114.254.175.6', '/device/info', '1C:DB:D4:7A:52:84', 1, '2026-01-15 12:18:13', 'ESP32 HTTP Client/1.0'),
(586, '114.254.175.6', '/device/info', '1C:DB:D4:7A:52:84', 1, '2026-01-15 12:21:45', 'ESP32 HTTP Client/1.0'),
(587, '114.254.175.6', '/device/info', '1C:DB:D4:7A:52:84', 1, '2026-01-15 13:54:54', 'ESP32 HTTP Client/1.0'),
(588, '114.254.175.6', '/device/info', '1C:DB:D4:7A:52:84', 1, '2026-01-15 14:02:52', 'ESP32 HTTP Client/1.0'),
(589, '114.254.175.6', '/device/info', '1C:DB:D4:7A:52:84', 1, '2026-01-15 14:03:16', 'ESP32 HTTP Client/1.0'),
(590, '114.254.175.6', '/device/info', '1C:DB:D4:7A:52:84', 1, '2026-01-15 14:03:57', 'ESP32 HTTP Client/1.0');

-- --------------------------------------------------------

--
-- 表的结构 `devices`
--

CREATE TABLE `devices` (
  `id` int(11) NOT NULL,
  `uuid` varchar(36) COLLATE utf8mb4_unicode_ci NOT NULL COMMENT '设备UUID',
  `device_id` varchar(50) COLLATE utf8mb4_unicode_ci NOT NULL COMMENT '设备ID',
  `product_id` int(11) DEFAULT NULL COMMENT '产品ID',
  `user_id` int(11) DEFAULT NULL COMMENT '用户ID',
  `name` varchar(100) COLLATE utf8mb4_unicode_ci NOT NULL COMMENT '设备名称',
  `description` text COLLATE utf8mb4_unicode_ci COMMENT '设备描述',
  `device_secret` varchar(64) COLLATE utf8mb4_unicode_ci NOT NULL COMMENT '设备密钥',
  `firmware_version` varchar(20) COLLATE utf8mb4_unicode_ci DEFAULT NULL COMMENT '固件版本',
  `hardware_version` varchar(20) COLLATE utf8mb4_unicode_ci DEFAULT NULL COMMENT '硬件版本',
  `device_status` varchar(20) COLLATE utf8mb4_unicode_ci DEFAULT 'pending' COMMENT '设备状态: pending/bound/active/offline/error',
  `is_online` tinyint(1) DEFAULT '0' COMMENT '是否在线',
  `is_active` tinyint(1) DEFAULT '1' COMMENT '是否激活',
  `last_seen` datetime DEFAULT NULL COMMENT '最后在线时间',
  `product_code` varchar(50) COLLATE utf8mb4_unicode_ci DEFAULT NULL COMMENT '产品代码',
  `product_version` varchar(20) COLLATE utf8mb4_unicode_ci DEFAULT NULL COMMENT '产品版本',
  `last_product_report` datetime DEFAULT NULL COMMENT '最后产品上报时间',
  `product_switch_count` int(11) DEFAULT '0' COMMENT '产品切换次数',
  `auto_created_product` tinyint(1) DEFAULT '0' COMMENT '是否自动创建产品',
  `ip_address` varchar(45) COLLATE utf8mb4_unicode_ci DEFAULT NULL COMMENT 'IP地址',
  `mac_address` varchar(17) COLLATE utf8mb4_unicode_ci DEFAULT NULL COMMENT 'MAC地址',
  `location` varchar(200) COLLATE utf8mb4_unicode_ci DEFAULT NULL COMMENT '位置',
  `group_name` varchar(100) COLLATE utf8mb4_unicode_ci DEFAULT NULL COMMENT '分组',
  `room` varchar(50) COLLATE utf8mb4_unicode_ci DEFAULT NULL COMMENT '房间',
  `floor` varchar(50) COLLATE utf8mb4_unicode_ci DEFAULT NULL COMMENT '楼层',
  `device_sensor_config` json DEFAULT NULL COMMENT '设备传感器配置',
  `device_control_config` json DEFAULT NULL COMMENT '设备控制配置',
  `device_settings` json DEFAULT NULL COMMENT '设备设置',
  `production_date` date DEFAULT NULL COMMENT '生产日期',
  `serial_number` varchar(50) COLLATE utf8mb4_unicode_ci DEFAULT NULL COMMENT '序列号',
  `quality_grade` varchar(20) COLLATE utf8mb4_unicode_ci DEFAULT NULL COMMENT '质量等级',
  `last_heartbeat` datetime DEFAULT NULL COMMENT '最后心跳时间',
  `error_count` int(11) DEFAULT '0' COMMENT '错误次数',
  `last_error` text COLLATE utf8mb4_unicode_ci COMMENT '最后错误信息',
  `uptime` bigint(20) DEFAULT NULL COMMENT '运行时间(秒)',
  `installation_date` date DEFAULT NULL COMMENT '安装日期',
  `warranty_expiry` date DEFAULT NULL COMMENT '保修到期日',
  `last_maintenance` date DEFAULT NULL COMMENT '最后维护日期',
  `next_maintenance` date DEFAULT NULL COMMENT '下次维护日期',
  `created_at` datetime DEFAULT CURRENT_TIMESTAMP COMMENT '创建时间',
  `updated_at` datetime DEFAULT CURRENT_TIMESTAMP ON UPDATE CURRENT_TIMESTAMP COMMENT '更新时间'
) ENGINE=InnoDB DEFAULT CHARSET=utf8mb4 COLLATE=utf8mb4_unicode_ci COMMENT='设备表';

--
-- 转存表中的数据 `devices`
--

INSERT INTO `devices` (`id`, `uuid`, `device_id`, `product_id`, `user_id`, `name`, `description`, `device_secret`, `firmware_version`, `hardware_version`, `device_status`, `is_online`, `is_active`, `last_seen`, `product_code`, `product_version`, `last_product_report`, `product_switch_count`, `auto_created_product`, `ip_address`, `mac_address`, `location`, `group_name`, `room`, `floor`, `device_sensor_config`, `device_control_config`, `device_settings`, `production_date`, `serial_number`, `quality_grade`, `last_heartbeat`, `error_count`, `last_error`, `uptime`, `installation_date`, `warranty_expiry`, `last_maintenance`, `next_maintenance`, `created_at`, `updated_at`) VALUES
(1, 'cbeb5cb6-8cb4-44d6-86ed-43b357e0adf5', 'AIOT-ESP32-91409A80', 5, NULL, 'ceshi', 'ce', '8d77e48b2edd4c048ee676239d53f39c', '1.0.0', NULL, 'bound', 0, 1, '2025-11-20 09:51:42', NULL, NULL, NULL, 0, 0, NULL, NULL, NULL, NULL, NULL, NULL, '{\"DHT11_humidity\": {\"enabled\": true, \"custom_name\": \"\"}, \"DHT11_temperature\": {\"enabled\": true, \"custom_name\": \"\"}, \"DS18B20_temperature\": {\"enabled\": true, \"custom_name\": \"\"}}', '{\"led_1\": {\"enabled\": true, \"custom_name\": \"客厅灯\"}, \"led_2\": {\"enabled\": true, \"custom_name\": \"\"}, \"led_3\": {\"enabled\": true, \"custom_name\": \"\"}, \"led_4\": {\"enabled\": true, \"custom_name\": \"\"}, \"pwm_m2\": {\"enabled\": true, \"custom_name\": \"\"}, \"relay_1\": {\"enabled\": true, \"custom_name\": \"\"}, \"relay_2\": {\"enabled\": true, \"custom_name\": \"\"}, \"servo_m1\": {\"enabled\": true, \"custom_name\": \"\"}}', '{\"preset_commands\": [{\"name\": \"PWM\", \"device_id\": 2, \"parameters\": {\"duration\": 3000, \"frequency\": 50, \"duty_cycle\": 5}, \"device_type\": \"pwm\", \"preset_type\": \"fixed\"}, {\"name\": \"LED流水灯\", \"device_id\": 0, \"parameters\": {\"cycles\": 3, \"reverse\": false, \"interval_ms\": 200}, \"device_type\": \"led\", \"preset_type\": \"wave\"}, {\"name\": \"舵机摆动\", \"device_id\": 1, \"parameters\": {\"speed\": 500, \"cycles\": 5, \"swing_angle\": 30, \"center_angle\": 90}, \"device_type\": \"servo\", \"preset_type\": \"swing\"}, {\"name\": \"180度最左\", \"device_id\": 2, \"parameters\": {\"duration\": 0, \"frequency\": 50, \"duty_cycle\": 2.5}, \"device_type\": \"pwm\", \"preset_type\": \"fixed\"}, {\"name\": \"180度中间\", \"device_id\": 2, \"parameters\": {\"duration\": 0, \"frequency\": 50, \"duty_cycle\": 7.5}, \"device_type\": \"pwm\", \"preset_type\": \"fixed\"}, {\"name\": \"180度最右\", \"device_id\": 2, \"parameters\": {\"duration\": 0, \"frequency\": 50, \"duty_cycle\": 12.5}, \"device_type\": \"pwm\", \"preset_type\": \"fixed\"}]}', NULL, NULL, 'A', '2025-11-20 09:51:27', 0, NULL, 0, NULL, NULL, NULL, NULL, '2025-11-10 22:52:37', '2025-11-20 02:55:10'),
(2, '24f4dedc-3817-4e14-b2cb-91c909fc9bb7', 'AIOT-ESP32-56865D32', 8, 3, 'AIoT-rain', '11月15日更含雨水传感器+pwm舵机180*2', 'a8647240ba6e43b9814dcad3982f0a0a', '1.5', NULL, 'bound', 0, 1, '2026-01-15 19:06:25', NULL, NULL, NULL, 0, 0, NULL, '80:B5:4E:DF:3D:DC', NULL, NULL, NULL, NULL, '{\"RAIN_SENSOR\": {\"enabled\": true, \"custom_name\": \"\"}, \"DHT11_humidity\": {\"enabled\": true, \"custom_name\": \"\"}, \"DHT11_temperature\": {\"enabled\": true, \"custom_name\": \"\"}}', '{\"led_1\": {\"enabled\": true, \"custom_name\": \"\"}, \"led_2\": {\"enabled\": true, \"custom_name\": \"\"}, \"led_3\": {\"enabled\": true, \"custom_name\": \"\"}, \"pwm_m1\": {\"enabled\": true, \"custom_name\": \"\"}, \"pwm_m2\": {\"enabled\": true, \"custom_name\": \"\"}, \"relay_1\": {\"enabled\": true, \"custom_name\": \"\"}, \"relay_2\": {\"enabled\": true, \"custom_name\": \"\"}}', '{\"preset_commands\": [{\"name\": \"LED波浪\", \"device_id\": 1, \"parameters\": {\"cycles\": 6, \"reverse\": false, \"interval_ms\": 200}, \"device_type\": \"led\", \"preset_type\": \"wave\"}, {\"name\": \"PWM\", \"device_id\": 2, \"parameters\": {\"cycles\": 10, \"duty_low\": 20, \"low_time\": 500, \"duty_high\": 80, \"frequency\": 5000, \"high_time\": 500}, \"device_type\": \"pwm\", \"preset_type\": \"pulse\"}, {\"cmd\": \"sequence\", \"name\": \"LED闪烁\", \"type\": \"sequence\", \"steps\": [{\"delay\": 1, \"command\": {\"cmd\": \"led\", \"value\": 1, \"device_id\": 1, \"device_type\": \"led\"}}, {\"delay\": 1, \"command\": {\"cmd\": \"led\", \"value\": 0, \"device_id\": 1, \"device_type\": \"led\"}}, {\"delay\": 1, \"command\": {\"cmd\": \"led\", \"value\": 1, \"device_id\": 1, \"device_type\": \"led\"}}, {\"delay\": 1, \"command\": {\"cmd\": \"led\", \"value\": 0, \"device_id\": 1, \"device_type\": \"led\"}}], \"preset_key\": \"led_blink_mi7gz7gt\", \"description\": \"序列预设：LED闪烁\", \"device_type\": \"led\", \"preset_type\": \"sequence\"}, {\"name\": \"舵机\", \"device_id\": 1, \"parameters\": {\"speed\": 500, \"cycles\": 5, \"swing_angle\": 30, \"center_angle\": 90}, \"device_type\": \"servo\", \"preset_type\": \"swing\"}, {\"cmd\": \"sequence\", \"name\": \"M2180开门\", \"type\": \"sequence\", \"steps\": [{\"delay\": 0, \"command\": {\"cmd\": \"pwm\", \"duty\": 2.5, \"device_id\": 2, \"frequency\": 50, \"device_type\": \"pwm\"}}], \"preset_key\": \"pwm_fixed_mi7f9iwo\", \"description\": \"序列预设：M2180开门\", \"device_type\": \"pwm\", \"preset_type\": \"sequence\"}, {\"cmd\": \"sequence\", \"name\": \"M2180关门\", \"type\": \"sequence\", \"steps\": [{\"delay\": 0, \"command\": {\"cmd\": \"pwm\", \"duty\": 7.5, \"device_id\": 2, \"frequency\": 50, \"device_type\": \"pwm\"}}], \"preset_key\": \"pwm_fixed_mi7flsd4\", \"description\": \"序列预设：M2180关门\", \"device_type\": \"pwm\", \"preset_type\": \"sequence\"}, {\"cmd\": \"sequence\", \"name\": \"M1180PWM收衣服\", \"type\": \"sequence\", \"steps\": [{\"delay\": 0, \"command\": {\"cmd\": \"pwm\", \"duty\": 6, \"device_id\": 1, \"frequency\": 50, \"device_type\": \"pwm\"}}], \"preset_key\": \"pwm_fixed_mi7flyuu\", \"description\": \"序列预设：M1180PWM收衣服\", \"device_type\": \"pwm\", \"preset_type\": \"sequence\"}, {\"cmd\": \"sequence\", \"name\": \"M1180PWM晾衣服\", \"type\": \"sequence\", \"steps\": [{\"delay\": 0, \"command\": {\"cmd\": \"pwm\", \"duty\": 3.5, \"device_id\": 1, \"frequency\": 50, \"device_type\": \"pwm\"}}], \"preset_key\": \"pwm_fixed_mi7fm4d1\", \"description\": \"序列预设：M1180PWM晾衣服\", \"device_type\": \"pwm\", \"preset_type\": \"sequence\"}, {\"cmd\": \"sequence\", \"name\": \"M1晾衣服中间位置\", \"type\": \"sequence\", \"steps\": [{\"delay\": 0, \"command\": {\"cmd\": \"pwm\", \"duty\": 7, \"device_id\": 1, \"frequency\": 50, \"device_type\": \"pwm\"}}], \"preset_key\": \"servo_seq_mi7jwa56\", \"description\": \"序列预设：M1晾衣服中间位置\", \"device_type\": \"pwm\", \"preset_type\": \"sequence\"}, {\"cmd\": \"sequence\", \"name\": \"robot-3\", \"type\": \"sequence\", \"steps\": [{\"delay\": 2.2, \"command\": {\"cmd\": \"pwm\", \"duty\": 7, \"device_id\": 1, \"frequency\": 50, \"device_type\": \"pwm\"}}, {\"delay\": 2, \"command\": {\"cmd\": \"pwm\", \"duty\": 4, \"device_id\": 1, \"frequency\": 50, \"device_type\": \"pwm\"}}, {\"delay\": 2, \"command\": {\"cmd\": \"pwm\", \"duty\": 7, \"device_id\": 1, \"frequency\": 50, \"device_type\": \"pwm\"}}, {\"delay\": 0, \"command\": {\"cmd\": \"pwm\", \"duty\": 3.5, \"device_id\": 1, \"frequency\": 50, \"device_type\": \"pwm\"}}], \"preset_key\": \"pwm_seq_mkb6df5a\", \"description\": \"序列预设：robot-3\", \"device_type\": \"pwm\", \"preset_type\": \"sequence\"}, {\"cmd\": \"sequence\", \"name\": \"robot-4\", \"type\": \"sequence\", \"steps\": [{\"delay\": 0, \"command\": {\"cmd\": \"pwm\", \"duty\": 8, \"device_id\": 1, \"frequency\": 50, \"device_type\": \"pwm\"}}], \"preset_key\": \"pwm_seq_mkb6dtkx\", \"description\": \"序列预设：robot-4\", \"device_type\": \"pwm\", \"preset_type\": \"sequence\"}, {\"cmd\": \"sequence\", \"name\": \"robot-1\", \"type\": \"sequence\", \"steps\": [{\"delay\": 0, \"command\": {\"cmd\": \"pwm\", \"duty\": 5, \"device_id\": 1, \"frequency\": 50, \"device_type\": \"pwm\"}}], \"preset_key\": \"pwm_seq_mkb6fzsa\", \"description\": \"序列预设：robot-1\", \"device_type\": \"pwm\", \"preset_type\": \"sequence\"}, {\"cmd\": \"sequence\", \"name\": \"robot-2\", \"type\": \"sequence\", \"steps\": [{\"delay\": 0, \"command\": {\"cmd\": \"pwm\", \"duty\": 6, \"device_id\": 1, \"frequency\": 50, \"device_type\": \"pwm\"}}], \"preset_key\": \"pwm_seq_mkb6gwmh\", \"description\": \"序列预设：robot-2\", \"device_type\": \"pwm\", \"preset_type\": \"sequence\"}]}', NULL, NULL, 'A', '2026-01-15 19:06:15', 0, NULL, 0, NULL, NULL, NULL, NULL, '2025-11-11 10:12:39', '2026-01-15 12:02:41'),
(3, '5c77b464-8259-4141-aa78-83bd98fce28b', 'AIOT-ESP32-54573577', 8, 5, 'test', NULL, 'df123c72358f4802bf3eb3899f62c2ba', '1.5', NULL, 'bound', 1, 1, '2025-11-26 11:07:01', NULL, NULL, NULL, 0, 0, NULL, '9C:13:9E:8A:08:54', NULL, NULL, NULL, NULL, '{\"dht11\": {\"pin\": 4, \"enabled\": true, \"interval\": 10}, \"ds18b20\": {\"pin\": 5, \"enabled\": true, \"interval\": 10}, \"rain_sensor\": {\"pin\": 4, \"enabled\": true, \"interval\": 10}}', '{\"led\": {\"pin\": 2, \"enabled\": true, \"default_state\": false}, \"relay\": {\"pin\": 3, \"enabled\": true, \"default_state\": false}, \"pwm_m1\": {\"pin\": 48, \"enabled\": true, \"frequency\": 50, \"duty_cycle\": 7.5}}', '{\"preset_commands\": []}', NULL, NULL, 'A', '2025-11-26 11:06:50', 0, NULL, 0, NULL, NULL, NULL, NULL, '2025-11-11 16:44:08', '2025-11-26 03:07:01'),
(5, '7fd030bf-fbdc-49af-8fc4-0fdaa947b052', 'AIOT-ESP32-C213D982', 5, 2, '控制👨‍🏫', NULL, '00b463a6b47145e78e501d923e7dc14c', '1.5', NULL, 'bound', 1, 1, '2025-11-26 21:07:26', NULL, NULL, NULL, 0, 0, NULL, '80:B5:4E:D6:F8:14', NULL, NULL, NULL, NULL, '{\"DHT11_humidity\": {\"enabled\": true, \"custom_name\": \"\"}, \"DHT11_temperature\": {\"enabled\": true, \"custom_name\": \"\"}, \"DS18B20_temperature\": {\"enabled\": true, \"custom_name\": \"\"}}', '{\"led_1\": {\"enabled\": true, \"custom_name\": \"\"}, \"led_2\": {\"enabled\": true, \"custom_name\": \"\"}, \"led_3\": {\"enabled\": true, \"custom_name\": \"\"}, \"led_4\": {\"enabled\": true, \"custom_name\": \"\"}, \"pwm_m2\": {\"enabled\": true, \"custom_name\": \"\"}, \"relay_1\": {\"enabled\": true, \"custom_name\": \"\"}, \"relay_2\": {\"enabled\": true, \"custom_name\": \"\"}, \"servo_m1\": {\"enabled\": true, \"custom_name\": \"\"}}', '{\"preset_commands\": [{\"name\": \"舵机2 左\", \"device_id\": 2, \"parameters\": {\"duration\": 0, \"frequency\": 50, \"duty_cycle\": 2.5}, \"device_type\": \"pwm\", \"preset_type\": \"fixed\"}, {\"name\": \"舵机2右\", \"device_id\": 2, \"parameters\": {\"duration\": 0, \"frequency\": 50, \"duty_cycle\": 12.5}, \"device_type\": \"pwm\", \"preset_type\": \"fixed\"}, {\"name\": \"舵机1左\", \"device_id\": 1, \"parameters\": {\"duration\": 0, \"frequency\": 50, \"duty_cycle\": 2.5}, \"device_type\": \"pwm\", \"preset_type\": \"fixed\"}, {\"name\": \"舵机1右\", \"device_id\": 1, \"parameters\": {\"duration\": 0, \"frequency\": 50, \"duty_cycle\": 7.5}, \"device_type\": \"pwm\", \"preset_type\": \"fixed\"}, {\"name\": \"360度舵机\", \"device_id\": 2, \"parameters\": {\"duration\": 0, \"frequency\": 50, \"duty_cycle\": 9}, \"device_type\": \"pwm\", \"preset_type\": \"fixed\"}, {\"name\": \"流水灯\", \"device_id\": 0, \"parameters\": {\"cycles\": 3, \"reverse\": false, \"interval_ms\": 200, \"led_sequence\": [1, 2, 3, 4]}, \"device_type\": \"led\", \"preset_type\": \"wave\"}, {\"cmd\": \"sequence\", \"name\": \"LED亮3秒\", \"type\": \"sequence\", \"steps\": [{\"delay\": 3, \"command\": {\"cmd\": \"led\", \"value\": 1, \"device_id\": 1, \"device_type\": \"led\"}}, {\"delay\": 0, \"command\": {\"cmd\": \"led\", \"value\": 0, \"device_id\": 1, \"device_type\": \"led\"}}], \"preset_key\": \"led_seq_mi71o69r\", \"description\": \"序列预设：LED亮3秒\", \"device_type\": \"led\", \"preset_type\": \"sequence\"}]}', NULL, NULL, 'A', '2025-11-26 21:07:11', 0, NULL, 0, NULL, NULL, NULL, NULL, '2025-11-15 12:41:26', '2025-11-26 13:07:26'),
(6, '6fe5ae50-9e74-42d4-bb7b-84926c8c046a', 'AIOT-ESP32-0A9F9802', 5, 1, '1111', NULL, 'f54eef890b4f44f9979f29073d7a976a', NULL, NULL, 'bound', 0, 1, NULL, NULL, NULL, NULL, 0, 0, NULL, '9C:13:9E:8A:0F:0B', NULL, NULL, NULL, NULL, NULL, NULL, NULL, NULL, NULL, 'A', NULL, 0, NULL, 0, NULL, NULL, NULL, NULL, '2025-11-17 23:23:54', '2025-11-17 23:23:54'),
(7, '46c27753-c147-4d9a-ba5f-f6833e74398b', 'AIOT-ESP32-DDB3BE52', 5, NULL, '111', NULL, 'd5807f04642a4af9a7ccaf7dfa7ae458', '1.5', NULL, 'bound', 0, 1, '2025-11-19 15:48:40', NULL, NULL, NULL, 0, 0, NULL, NULL, NULL, NULL, NULL, NULL, '{\"DHT11_humidity\": {\"enabled\": true, \"custom_name\": \"\"}, \"DHT11_temperature\": {\"enabled\": true, \"custom_name\": \"\"}, \"DS18B20_temperature\": {\"enabled\": true, \"custom_name\": \"\"}}', '{\"led_1\": {\"enabled\": true, \"custom_name\": \"\"}, \"led_2\": {\"enabled\": true, \"custom_name\": \"\"}, \"led_3\": {\"enabled\": true, \"custom_name\": \"\"}, \"led_4\": {\"enabled\": true, \"custom_name\": \"\"}, \"pwm_m2\": {\"enabled\": true, \"custom_name\": \"\"}, \"relay_1\": {\"enabled\": true, \"custom_name\": \"\"}, \"relay_2\": {\"enabled\": true, \"custom_name\": \"\"}, \"servo_m1\": {\"enabled\": true, \"custom_name\": \"\"}}', '{\"preset_commands\": [{\"name\": \"led\", \"device_id\": 0, \"parameters\": {\"cycles\": 3, \"reverse\": false, \"interval_ms\": 200, \"led_sequence\": [1, 2, 3, 4]}, \"device_type\": \"led\", \"preset_type\": \"wave\"}]}', NULL, NULL, 'A', '2025-11-19 15:48:35', 0, NULL, 0, NULL, NULL, NULL, NULL, '2025-11-17 23:25:54', '2025-11-20 09:50:21'),
(9, '4022e2fb-0e2a-4dc8-818b-29662b3f8007', 'AIOT-ESP32-A59FFC74', 9, NULL, 'TEST', NULL, 'dc827137bc5442ee8d6d3289e29120ef', '1.5', NULL, 'bound', 0, 1, '2025-11-19 19:06:42', NULL, NULL, NULL, 0, 0, NULL, NULL, NULL, NULL, NULL, NULL, NULL, NULL, NULL, NULL, NULL, 'A', '2025-11-19 19:06:32', 0, NULL, 0, NULL, NULL, NULL, NULL, '2025-11-19 11:02:49', '2025-11-20 09:50:30'),
(10, '10170892-3dbf-4963-b910-46d074d1726e', 'AIOT-ESP32-22BA8996', 5, NULL, '开发测试', NULL, 'a5d8ce90494c4a0cbf73ffb8e1e08923', '1.5', NULL, 'bound', 0, 1, '2025-11-20 21:52:09', NULL, NULL, NULL, 0, 0, NULL, NULL, NULL, NULL, NULL, NULL, '{\"DHT11_humidity\": {\"enabled\": true, \"custom_name\": \"\"}, \"DHT11_temperature\": {\"enabled\": true, \"custom_name\": \"\"}, \"DS18B20_temperature\": {\"enabled\": true, \"custom_name\": \"\"}}', '{\"led_1\": {\"enabled\": true, \"custom_name\": \"\"}, \"led_2\": {\"enabled\": true, \"custom_name\": \"\"}, \"led_3\": {\"enabled\": true, \"custom_name\": \"\"}, \"led_4\": {\"enabled\": true, \"custom_name\": \"\"}, \"pwm_m2\": {\"enabled\": true, \"custom_name\": \"\"}, \"relay_1\": {\"enabled\": true, \"custom_name\": \"\"}, \"relay_2\": {\"enabled\": true, \"custom_name\": \"\"}, \"servo_m1\": {\"enabled\": true, \"custom_name\": \"\"}}', '{\"preset_commands\": [{\"cmd\": \"sequence\", \"name\": \"LED1开灯5秒\", \"type\": \"sequence\", \"steps\": [{\"delay\": 5, \"command\": {\"cmd\": \"led\", \"value\": 1, \"device_id\": 1, \"device_type\": \"led\"}}, {\"delay\": 0, \"command\": {\"cmd\": \"led\", \"value\": 0, \"device_id\": 1, \"device_type\": \"led\"}}], \"description\": \"序列预设：LED1开灯5秒\", \"device_type\": \"led\"}, {\"cmd\": \"sequence\", \"name\": \"舵机\", \"type\": \"sequence\", \"steps\": [{\"delay\": 5, \"command\": {\"cmd\": \"pwm\", \"duty\": 5, \"device_id\": 2, \"frequency\": 50, \"device_type\": \"pwm\"}}, {\"delay\": 2, \"command\": {\"cmd\": \"pwm\", \"duty\": 2, \"device_id\": 2, \"frequency\": 50, \"device_type\": \"pwm\"}}], \"description\": \"序列预设：舵机\", \"device_type\": \"pwm\", \"preset_type\": \"sequence\"}, {\"cmd\": \"sequence\", \"name\": \"继电器\", \"type\": \"sequence\", \"steps\": [{\"delay\": 3, \"command\": {\"cmd\": \"relay\", \"value\": 1, \"device_id\": 1, \"device_type\": \"relay\"}}, {\"delay\": 2, \"command\": {\"cmd\": \"relay\", \"value\": 0, \"device_id\": 1, \"device_type\": \"relay\"}}, {\"delay\": 3, \"command\": {\"cmd\": \"relay\", \"value\": 1, \"device_id\": 2, \"device_type\": \"relay\"}}, {\"delay\": 0, \"command\": {\"cmd\": \"relay\", \"value\": 0, \"device_id\": 2, \"device_type\": \"relay\"}}], \"description\": \"序列预设：继电器\", \"device_type\": \"relay\", \"preset_type\": \"sequence\"}, {\"cmd\": \"sequence\", \"name\": \"摇尾巴\", \"type\": \"sequence\", \"steps\": [{\"delay\": 0.2, \"command\": {\"cmd\": \"pwm\", \"duty\": 7.5, \"device_id\": 2, \"frequency\": 50, \"device_type\": \"pwm\"}}, {\"delay\": 0.3, \"command\": {\"cmd\": \"pwm\", \"duty\": 5, \"device_id\": 2, \"frequency\": 50, \"device_type\": \"pwm\"}}, {\"delay\": 0, \"command\": {\"cmd\": \"pwm\", \"duty\": 7.5, \"device_id\": 1, \"frequency\": 50, \"device_type\": \"pwm\"}}], \"preset_key\": \"pwm_seq_mi6vckkc\", \"description\": \"序列预设：摇尾巴\", \"device_type\": \"pwm\", \"preset_type\": \"sequence\"}]}', NULL, NULL, 'A', '2025-11-20 21:52:03', 0, NULL, 0, NULL, NULL, NULL, NULL, '2025-11-20 02:07:45', '2025-11-20 14:27:56'),
(11, 'd5c15008-a13e-4615-bf4e-a16f19e4e82f', 'AIOT-ESP32-E52EEA2A', 9, NULL, '智能家居网关', NULL, 'dba9672b5eae48e9971ef268477421ce', '1.5', NULL, 'bound', 0, 1, '2025-11-20 12:03:11', NULL, NULL, NULL, 0, 0, NULL, NULL, NULL, NULL, NULL, NULL, NULL, NULL, NULL, NULL, NULL, 'A', '2025-11-20 12:03:11', 0, NULL, 0, NULL, NULL, NULL, NULL, '2025-11-20 03:10:44', '2025-11-20 13:15:25'),
(12, '58226756-cc85-4d60-ac31-237d775ee6fe', 'AIOT-ESP32-E3FC460D', 9, NULL, '智能家居网关', NULL, '37cff1d943fe4dc4bb05de8e7553be8b', NULL, NULL, 'bound', 0, 1, NULL, NULL, NULL, NULL, 0, 0, NULL, NULL, NULL, NULL, NULL, NULL, NULL, NULL, NULL, NULL, NULL, 'A', NULL, 0, NULL, 0, NULL, NULL, NULL, NULL, '2025-11-20 04:11:21', '2025-11-20 12:30:07'),
(13, '3fc1cda9-25fd-44e6-8f21-58bbbbbf28a9', 'AIOT-ESP32-E5884D2B', 9, NULL, '智能家居网关 ', NULL, '49e4d7a86fd0471395611001d7698c8c', '1.5', NULL, 'bound', 0, 1, '2025-11-21 22:13:29', NULL, NULL, NULL, 0, 0, NULL, NULL, NULL, NULL, NULL, NULL, NULL, NULL, NULL, NULL, NULL, 'A', '2025-11-21 22:13:08', 0, NULL, 0, NULL, NULL, NULL, NULL, '2025-11-20 04:36:04', '2025-11-22 00:13:05'),
(14, 'f79ee43d-669e-4a70-b989-5ea0cb9dcf73', 'AIOT-ESP32-B765EB27', 8, 2, '开发测试', NULL, '180055fcfaf941c480730bcfdacccaff', '1.5', NULL, 'bound', 0, 1, '2025-11-21 00:19:34', NULL, NULL, NULL, 0, 0, NULL, '80:B5:4E:D6:F8:60', NULL, NULL, NULL, NULL, '{\"dht11\": {\"pin\": 4, \"enabled\": true, \"interval\": 10}, \"ds18b20\": {\"pin\": 5, \"enabled\": true, \"interval\": 10}, \"rain_sensor\": {\"pin\": 4, \"enabled\": true, \"interval\": 10}}', '{\"led\": {\"pin\": 2, \"enabled\": true, \"default_state\": false}, \"relay\": {\"pin\": 3, \"enabled\": true, \"default_state\": false}, \"pwm_m1\": {\"pin\": 48, \"enabled\": true, \"frequency\": 50, \"duty_cycle\": 7.5}}', NULL, NULL, NULL, 'A', '2025-11-21 00:19:09', 0, NULL, 0, NULL, NULL, NULL, NULL, '2025-11-20 13:52:10', '2025-11-26 06:22:36'),
(15, '702c7206-52a7-4d4d-a23a-772b8de0c61c', 'AIOT-ESP32-424ED1E6', 9, NULL, '智能家居网关', NULL, '9f3aa65c4f554c9f8561d170e0b63672', '1.5', NULL, 'bound', 0, 1, '2025-11-27 08:48:24', NULL, NULL, NULL, 0, 0, NULL, NULL, NULL, NULL, NULL, NULL, NULL, NULL, NULL, NULL, NULL, 'A', '2025-11-27 08:48:24', 0, NULL, 0, NULL, NULL, NULL, NULL, '2025-11-22 02:29:54', '2025-11-27 08:49:09'),
(16, '01380845-2e45-4fd0-8ad5-1cb0764fd034', 'AIOT-ESP32-DC724B5D', 5, 15, 'lwh_group', NULL, '5185a07ea70244979d51554a663219dd', '1.5', NULL, 'bound', 1, 1, '2025-12-24 20:01:45', NULL, NULL, NULL, 0, 0, NULL, '9C:13:9E:8A:08:28', NULL, NULL, NULL, NULL, NULL, NULL, NULL, NULL, NULL, 'A', '2025-12-24 20:01:29', 0, NULL, 0, NULL, NULL, NULL, NULL, '2025-11-26 10:39:33', '2025-12-24 12:01:45'),
(17, '1a0a63db-2990-4292-9c62-3b8886b2dfea', 'AIOT-ESP32-85AB918F', 5, NULL, 'anyway', NULL, '1fc8978d54e04d53b9da6261560806fc', '1.5', NULL, 'bound', 1, 1, '2025-11-26 18:41:41', NULL, NULL, NULL, 0, 0, NULL, NULL, NULL, NULL, NULL, NULL, NULL, NULL, NULL, NULL, NULL, 'A', NULL, 0, NULL, 0, NULL, NULL, NULL, NULL, '2025-11-26 10:40:40', '2025-11-26 10:41:41'),
(18, '712cad58-de27-45d1-b839-dad78b4b0c27', 'AIOT-ESP32-132CC826', 8, 16, 'anyway', NULL, 'ff406f5cf92b440988081e617a9d879e', '1.5', NULL, 'bound', 1, 1, '2026-01-05 18:12:35', NULL, NULL, NULL, 0, 0, NULL, '9C:13:9E:8A:09:A8', NULL, NULL, NULL, NULL, '{\"RAIN_SENSOR\": {\"enabled\": true, \"custom_name\": \"\"}, \"DHT11_humidity\": {\"enabled\": true, \"custom_name\": \"\"}, \"DHT11_temperature\": {\"enabled\": true, \"custom_name\": \"\"}}', '{\"led_1\": {\"enabled\": true, \"custom_name\": \"\"}, \"led_2\": {\"enabled\": true, \"custom_name\": \"\"}, \"led_3\": {\"enabled\": true, \"custom_name\": \"\"}, \"pwm_m1\": {\"enabled\": true, \"custom_name\": \"\"}, \"pwm_m2\": {\"enabled\": true, \"custom_name\": \"\"}, \"relay_1\": {\"enabled\": true, \"custom_name\": \"\"}, \"relay_2\": {\"enabled\": true, \"custom_name\": \"\"}}', '{\"preset_commands\": [{\"name\": \"LED流水灯\", \"device_id\": 0, \"parameters\": {\"cycles\": 3, \"reverse\": false, \"interval_ms\": 200}, \"preset_key\": \"led_wave_mifwszdb\", \"device_type\": \"led\", \"preset_type\": \"wave\"}]}', NULL, NULL, 'A', '2026-01-05 18:12:09', 0, NULL, 0, NULL, NULL, NULL, NULL, '2025-11-26 10:41:58', '2026-01-05 10:12:35'),
(19, 'f01bec35-8de4-4f68-9a47-226309e446d9', 'AIOT-ESP32-A463C956', 8, NULL, '1\" or \"1=1\"', NULL, '6b3c866509a5410dab62c50ad7646802', '1.5', NULL, 'bound', 1, 1, '2025-11-26 18:47:39', NULL, NULL, NULL, 0, 0, NULL, NULL, NULL, NULL, NULL, NULL, '{\"dht11\": {\"pin\": 4, \"enabled\": true, \"interval\": 10}, \"ds18b20\": {\"pin\": 5, \"enabled\": true, \"interval\": 10}, \"rain_sensor\": {\"pin\": 4, \"enabled\": true, \"interval\": 10}}', '{\"led\": {\"pin\": 2, \"enabled\": true, \"default_state\": false}, \"relay\": {\"pin\": 3, \"enabled\": true, \"default_state\": false}, \"pwm_m1\": {\"pin\": 48, \"enabled\": true, \"frequency\": 50, \"duty_cycle\": 7.5}}', NULL, NULL, NULL, 'A', '2025-11-26 18:47:24', 0, NULL, 0, NULL, NULL, NULL, NULL, '2025-11-26 10:44:03', '2025-11-26 10:47:39'),
(20, 'c10366db-d8c2-4914-92cb-b5a888520488', 'AIOT-ESP32-45F27F3C', 5, 20, '2=3组', NULL, '5ef1ab93096245fd92a9d74a1df997e0', '1.5', NULL, 'bound', 1, 1, '2025-12-24 19:28:39', NULL, NULL, NULL, 0, 0, NULL, '9C:13:9E:8A:0C:5C', NULL, NULL, NULL, NULL, NULL, NULL, NULL, NULL, NULL, 'A', '2025-12-24 19:28:34', 0, NULL, 0, NULL, NULL, NULL, NULL, '2025-11-26 10:44:13', '2025-12-24 11:28:39'),
(21, '1fcb3c12-63eb-4a67-9f85-293e24bf367c', 'AIOT-ESP32-4B21915A', 5, NULL, 'Iorem', NULL, '51a3541e58134d3c9aa59a8a7b7bd1a2', '1.5', NULL, 'bound', 0, 1, '2025-12-02 15:33:08', NULL, NULL, NULL, 0, 0, NULL, NULL, NULL, NULL, NULL, NULL, '{\"DHT11_humidity\": {\"enabled\": true, \"custom_name\": \"\"}, \"DHT11_temperature\": {\"enabled\": true, \"custom_name\": \"\"}, \"DS18B20_temperature\": {\"enabled\": true, \"custom_name\": \"\"}}', '{\"led_1\": {\"enabled\": true, \"custom_name\": \"\"}, \"led_2\": {\"enabled\": true, \"custom_name\": \"\"}, \"led_3\": {\"enabled\": true, \"custom_name\": \"\"}, \"led_4\": {\"enabled\": true, \"custom_name\": \"\"}, \"pwm_m2\": {\"enabled\": true, \"custom_name\": \"\"}, \"relay_1\": {\"enabled\": true, \"custom_name\": \"\"}, \"relay_2\": {\"enabled\": true, \"custom_name\": \"\"}, \"servo_m1\": {\"enabled\": true, \"custom_name\": \"\"}}', '{\"preset_commands\": [{\"name\": \"LED流水灯\", \"device_id\": 0, \"parameters\": {\"cycles\": 3, \"reverse\": true, \"interval_ms\": 200, \"led_sequence\": [1, 2, 3, 4]}, \"preset_key\": \"led_wave_mio532xu\", \"device_type\": \"led\", \"preset_type\": \"wave\"}]}', NULL, NULL, 'A', '2025-12-02 15:33:03', 0, NULL, 0, NULL, NULL, NULL, NULL, '2025-11-26 10:44:48', '2025-12-02 22:10:12'),
(22, 'e45ef8b6-66b6-4d32-9914-9e587ef6f0d4', 'AIOT-ESP32-EB86CC02', 5, NULL, '智能家居', NULL, 'e30727ddebf044f989a284ecf641c281', NULL, NULL, 'bound', 0, 1, NULL, NULL, NULL, NULL, 0, 0, NULL, NULL, NULL, NULL, NULL, NULL, NULL, NULL, NULL, NULL, NULL, 'A', NULL, 0, NULL, 0, NULL, NULL, NULL, NULL, '2025-11-26 10:46:07', '2025-11-26 19:06:15'),
(23, 'ade20832-bb5f-44a8-99b4-0993a0cb5b2e', 'AIOT-ESP32-23984FCF', 5, 29, 'undefined team', NULL, '3a3b2b13309f4796874d4c8cebaca34a', '1.5', NULL, 'bound', 1, 1, '2025-12-24 19:01:39', NULL, NULL, NULL, 0, 0, NULL, '9C:13:9E:8A:07:2C', NULL, NULL, NULL, NULL, '{\"DHT11_humidity\": {\"enabled\": true, \"custom_name\": \"\"}, \"DHT11_temperature\": {\"enabled\": true, \"custom_name\": \"\"}, \"DS18B20_temperature\": {\"enabled\": true, \"custom_name\": \"\"}}', '{\"led_1\": {\"enabled\": true, \"custom_name\": \"\"}, \"led_2\": {\"enabled\": true, \"custom_name\": \"\"}, \"led_3\": {\"enabled\": true, \"custom_name\": \"\"}, \"led_4\": {\"enabled\": true, \"custom_name\": \"\"}, \"pwm_m2\": {\"enabled\": true, \"custom_name\": \"\"}, \"relay_1\": {\"enabled\": true, \"custom_name\": \"\"}, \"relay_2\": {\"enabled\": true, \"custom_name\": \"\"}, \"servo_m1\": {\"enabled\": true, \"custom_name\": \"\"}}', '{\"preset_commands\": [{\"name\": \"眨眼睛\", \"device_id\": 0, \"parameters\": {\"count\": 3, \"on_time\": 500, \"off_time\": 500}, \"preset_key\": \"led_blink_mifxep80\", \"device_type\": \"led\", \"preset_type\": \"blink\"}]}', NULL, NULL, 'A', '2025-12-24 19:01:24', 0, NULL, 0, NULL, NULL, NULL, NULL, '2025-11-26 10:46:24', '2025-12-24 11:01:39'),
(24, '3f8bbbee-a8ca-4a72-874e-2ba3e659028f', 'AIOT-ESP32-BBD788BC', 8, 27, 'class_dev', NULL, 'd2686a1276fa4cb78bfc9383ba018d96', '1.5', NULL, 'bound', 1, 1, '2025-12-24 19:00:42', NULL, NULL, NULL, 0, 0, NULL, '9C:13:9E:8A:0D:04', NULL, NULL, NULL, NULL, '{\"dht11\": {\"pin\": 4, \"enabled\": true, \"interval\": 10}, \"ds18b20\": {\"pin\": 5, \"enabled\": true, \"interval\": 10}, \"rain_sensor\": {\"pin\": 4, \"enabled\": true, \"interval\": 10}}', '{\"led\": {\"pin\": 2, \"enabled\": true, \"default_state\": false}, \"relay\": {\"pin\": 3, \"enabled\": true, \"default_state\": false}, \"pwm_m1\": {\"pin\": 48, \"enabled\": true, \"frequency\": 50, \"duty_cycle\": 7.5}}', NULL, NULL, NULL, 'A', '2025-12-24 19:00:26', 0, NULL, 0, NULL, NULL, NULL, NULL, '2025-11-26 10:46:53', '2025-12-24 11:00:42'),
(25, '6c1c48f7-c11f-41b8-95b0-8fdbdecee041', 'AIOT-ESP32-488432AF', 5, 26, '1\" or \"1=1\"', NULL, '031b76713fcb41ae82687b714857d53e', '1.5', NULL, 'bound', 1, 1, '2025-12-24 20:13:32', NULL, NULL, NULL, 0, 0, NULL, '9C:13:9E:8A:07:44', NULL, NULL, NULL, NULL, NULL, NULL, NULL, NULL, NULL, 'A', '2025-12-24 20:13:17', 0, NULL, 0, NULL, NULL, NULL, NULL, '2025-11-26 10:48:03', '2025-12-24 12:13:32'),
(26, 'bc894e0f-4608-44ff-8924-2bf9d55418f6', 'AIOT-ESP32-1D13E513', 5, 19, '说什么都队-开发板', NULL, '5625c4aaee2a40208b98464316d1f6cd', '1.5', NULL, 'bound', 1, 1, '2026-01-09 13:52:49', NULL, NULL, NULL, 0, 0, NULL, '9C:13:9E:8A:0F:B4', NULL, NULL, NULL, NULL, NULL, NULL, NULL, NULL, NULL, 'A', '2026-01-09 13:52:33', 0, NULL, 0, NULL, NULL, NULL, NULL, '2025-11-26 10:48:18', '2026-01-09 05:52:49'),
(27, 'bb23a4c7-5210-452a-bbd3-eb29a914cc2a', 'AIOT-ESP32-0B580F8E', 8, NULL, '123', NULL, '84fadec663f3418d98aa4ad2bb36c7d6', '1.5', NULL, 'bound', 1, 1, '2025-11-26 19:12:56', NULL, NULL, NULL, 0, 0, NULL, NULL, NULL, NULL, NULL, NULL, '{\"dht11\": {\"pin\": 4, \"enabled\": true, \"interval\": 10}, \"ds18b20\": {\"pin\": 5, \"enabled\": true, \"interval\": 10}, \"rain_sensor\": {\"pin\": 4, \"enabled\": true, \"interval\": 10}}', '{\"led\": {\"pin\": 2, \"enabled\": true, \"default_state\": false}, \"relay\": {\"pin\": 3, \"enabled\": true, \"default_state\": false}, \"pwm_m1\": {\"pin\": 48, \"enabled\": true, \"frequency\": 50, \"duty_cycle\": 7.5}}', NULL, NULL, NULL, 'A', '2025-11-26 19:12:41', 0, NULL, 0, NULL, NULL, NULL, NULL, '2025-11-26 10:49:25', '2025-11-26 11:12:56'),
(28, 'd2fe7b94-c0a2-458b-b7b3-3d7bdd32b135', 'AIOT-ESP32-5C3F94DA', 5, 18, '智能家居', NULL, '5365adcd2b454d599e2c6fb439f6997f', '1.5', NULL, 'bound', 1, 1, '2025-12-24 20:44:07', NULL, NULL, NULL, 0, 0, NULL, '9C:13:9E:8A:14:20', NULL, NULL, NULL, NULL, NULL, NULL, NULL, NULL, NULL, 'A', '2025-12-24 20:43:51', 0, NULL, 0, NULL, NULL, NULL, NULL, '2025-11-26 11:07:06', '2025-12-24 12:44:07'),
(29, '8897ba69-654b-4478-862a-1ef851198a3a', 'AIOT-ESP32-BC174574', 5, 35, 'PKU_RAG', NULL, '8d7e19ac1dd14a1f9b9c5843d1cea70d', '1.5', NULL, 'bound', 1, 1, '2025-12-17 20:01:24', NULL, NULL, NULL, 0, 0, NULL, '9C:13:9E:8A:13:E8', NULL, NULL, NULL, NULL, '{\"DHT11_humidity\": {\"enabled\": true, \"custom_name\": \"\"}, \"DHT11_temperature\": {\"enabled\": true, \"custom_name\": \"\"}, \"DS18B20_temperature\": {\"enabled\": true, \"custom_name\": \"\"}}', '{\"led_1\": {\"enabled\": true, \"custom_name\": \"\"}, \"led_2\": {\"enabled\": true, \"custom_name\": \"\"}, \"led_3\": {\"enabled\": true, \"custom_name\": \"\"}, \"led_4\": {\"enabled\": true, \"custom_name\": \"\"}, \"pwm_m2\": {\"enabled\": true, \"custom_name\": \"\"}, \"relay_1\": {\"enabled\": true, \"custom_name\": \"\"}, \"relay_2\": {\"enabled\": true, \"custom_name\": \"\"}, \"servo_m1\": {\"enabled\": true, \"custom_name\": \"\"}}', '{\"preset_commands\": [{\"name\": \"LED\", \"device_id\": 1, \"parameters\": {\"count\": 10, \"on_time\": 500, \"off_time\": 500}, \"preset_key\": \"led_blink_mifxgfh2\", \"device_type\": \"led\", \"preset_type\": \"blink\"}]}', NULL, NULL, 'A', '2025-12-17 20:01:24', 0, NULL, 0, NULL, NULL, NULL, NULL, '2025-11-26 11:10:41', '2025-12-17 12:01:24'),
(30, '8e3819da-c37e-4607-b297-5a9ec95635a1', 'AIOT-ESP32-78A37DA5', 8, 37, '6666', NULL, '6fad6feda34f4eaca4e4c55763ae0d46', '1.5', NULL, 'bound', 1, 1, '2025-12-17 20:19:43', NULL, NULL, NULL, 0, 0, NULL, '9C:13:9E:8A:12:BC', NULL, NULL, NULL, NULL, '{\"dht11\": {\"pin\": 4, \"enabled\": true, \"interval\": 10}, \"ds18b20\": {\"pin\": 5, \"enabled\": true, \"interval\": 10}, \"rain_sensor\": {\"pin\": 4, \"enabled\": true, \"interval\": 10}}', '{\"led\": {\"pin\": 2, \"enabled\": true, \"default_state\": false}, \"relay\": {\"pin\": 3, \"enabled\": true, \"default_state\": false}, \"pwm_m1\": {\"pin\": 48, \"enabled\": true, \"frequency\": 50, \"duty_cycle\": 7.5}}', NULL, NULL, NULL, 'A', '2025-12-17 20:19:38', 0, NULL, 0, NULL, NULL, NULL, NULL, '2025-11-26 11:12:45', '2025-12-17 12:19:43'),
(31, '078e2157-19b4-46f8-8f72-b615931a3839', 'AIOT-ESP32-B3BCA110', 9, NULL, 'test', NULL, '21cf783ef0cd44aca37964984408ede0', NULL, NULL, 'bound', 0, 1, NULL, NULL, NULL, NULL, 0, 0, NULL, NULL, NULL, NULL, NULL, NULL, NULL, NULL, NULL, NULL, NULL, 'A', NULL, 0, NULL, 0, NULL, NULL, NULL, NULL, '2025-11-28 07:07:41', '2025-11-28 15:13:50'),
(32, '09881649-6120-4f50-9a95-243aa75c1303', 'AIOT-ESP32-CAB7CDBA', 9, NULL, 'test', NULL, 'e620e93d434a46eaa54b48a63721840d', NULL, NULL, 'bound', 0, 1, NULL, NULL, NULL, NULL, 0, 0, NULL, NULL, NULL, NULL, NULL, NULL, NULL, NULL, NULL, NULL, NULL, 'A', NULL, 0, NULL, 0, NULL, NULL, NULL, NULL, '2025-11-28 07:27:12', '2025-11-28 15:35:21'),
(33, 'b1e87ae9-7f08-4c11-9b99-f07871e217aa', 'AIOT-ESP32-4DE0614A', 9, NULL, 'test', NULL, 'c858e13efd57476db4a4b96b4b50e2d2', '1.5', NULL, 'bound', 1, 1, '2025-12-21 18:29:32', NULL, NULL, NULL, 0, 0, NULL, NULL, NULL, NULL, NULL, NULL, NULL, NULL, NULL, NULL, NULL, 'A', '2025-12-21 18:29:11', 0, NULL, 0, NULL, NULL, NULL, NULL, '2025-11-28 07:47:53', '2025-12-21 10:29:32'),
(34, 'd7f39403-1e3d-47ae-bcac-ed2c4aa99df3', 'AIOT-ESP32-42192D2D', 5, 43, '备菜助手', NULL, 'a7f3a1ae5a744991a97bd8e9d240e292', NULL, NULL, 'bound', 0, 1, NULL, NULL, NULL, NULL, 0, 0, NULL, 'DC:B4:D9:17:34:84', NULL, NULL, NULL, NULL, NULL, NULL, NULL, NULL, NULL, 'A', NULL, 0, NULL, 0, NULL, NULL, NULL, NULL, '2025-12-01 13:54:09', '2025-12-01 13:54:09'),
(35, 'ab3b34d1-fae0-489b-80e8-19a8a6c7543d', 'AIOT-ESP32-8CC91171', 5, 45, 'lorem', NULL, 'c0b76a88d7904b4faaf82f59f6ac5333', '1.5', NULL, 'bound', 1, 1, '2026-01-09 00:54:15', NULL, NULL, NULL, 0, 0, NULL, '9C:13:9E:8A:0C:78', NULL, NULL, NULL, NULL, NULL, NULL, NULL, NULL, NULL, 'A', '2026-01-09 00:54:15', 0, NULL, 0, NULL, NULL, NULL, NULL, '2025-12-02 14:12:19', '2026-01-08 16:54:15'),
(36, '7cf62971-26f5-487a-bf6d-41d94879983e', 'AIOT-ESP32-00625FCA', 5, NULL, 'esp32-whf', '我的esp32单片机', '9cae6df10ef442169fd8713d8039d43f', NULL, NULL, 'bound', 0, 1, NULL, NULL, NULL, NULL, 0, 0, NULL, NULL, NULL, NULL, NULL, NULL, NULL, NULL, NULL, NULL, NULL, 'A', NULL, 0, NULL, 0, NULL, NULL, NULL, NULL, '2025-12-10 13:34:22', '2025-12-11 08:59:11'),
(37, '886bd9df-fb48-47b9-8448-8c491ccbcd40', 'AIOT-ESP32-2107E12C', 5, NULL, 'esp32-whfbios2', '智能控制esp32硬件', 'a4b4fdf32dc04fbba37daf35c3bc0698', NULL, NULL, 'bound', 0, 1, NULL, NULL, NULL, NULL, 0, 0, NULL, NULL, NULL, NULL, NULL, NULL, NULL, NULL, NULL, NULL, NULL, 'A', NULL, 0, NULL, 0, NULL, NULL, NULL, NULL, '2025-12-11 00:49:44', '2025-12-11 08:58:54'),
(38, '510495a7-47ab-4774-a1d1-e745f9430cf3', 'AIOT-ESP32-F937F7B8', 5, NULL, 'esp32', NULL, '8068c553fdb04533b643eb9d5c7e3d49', NULL, NULL, 'bound', 0, 1, NULL, NULL, NULL, NULL, 0, 0, NULL, NULL, NULL, NULL, NULL, NULL, NULL, NULL, NULL, NULL, NULL, 'A', NULL, 0, NULL, 0, NULL, NULL, NULL, NULL, '2025-12-11 01:03:01', '2025-12-11 09:11:44'),
(39, 'c63b3dd8-e82d-45fb-9c46-b12e9e22febe', 'AIOT-ESP32-012A54C5', 5, NULL, 'ESP32', NULL, '0eda8c877cd34611a9fe75c5ce26f3b4', NULL, NULL, 'bound', 0, 1, NULL, NULL, NULL, NULL, 0, 0, NULL, NULL, NULL, NULL, NULL, NULL, NULL, NULL, NULL, NULL, NULL, 'A', NULL, 0, NULL, 0, NULL, NULL, NULL, NULL, '2025-12-11 01:03:28', '2025-12-11 09:11:36'),
(40, '340744d6-c0c9-4496-bfdc-c69cf6692454', 'AIOT-ESP32-6CEEE7BC', 5, 49, 'ESP32-WHF', NULL, 'e70b5c9c04b54d82b4d7c6263751633f', '1.0.0', NULL, 'bound', 0, 1, '2025-12-11 13:19:45', NULL, NULL, NULL, 0, 0, NULL, '94:A9:90:30:5E:B0', NULL, NULL, NULL, NULL, NULL, NULL, NULL, NULL, NULL, 'A', '2025-12-11 13:19:20', 0, NULL, 0, NULL, NULL, NULL, NULL, '2025-12-11 01:05:30', '2025-12-12 00:15:38'),
(41, '2cafe2ea-b200-4066-9f7a-72c1915b4377', 'AIOT-ESP32-F0890C67', 5, 53, '面包esp32', NULL, '1a0dec49e2b64354b2ed87328be53d56', NULL, NULL, 'bound', 0, 1, NULL, NULL, NULL, NULL, 0, 0, NULL, 'CC:BA:97:0A:58:20', NULL, NULL, NULL, NULL, NULL, NULL, NULL, NULL, NULL, 'A', NULL, 0, NULL, 0, NULL, NULL, NULL, NULL, '2025-12-20 04:09:51', '2025-12-20 04:09:51'),
(42, '84476dbc-3e31-4ae3-86bb-10f2b3a9f0e5', 'AIOT-ESP32-C0772969', 9, NULL, '智能家居网关', NULL, '7b2c265e7a694956aa2ea572b1a3eeb0', '1.5', NULL, 'bound', 0, 1, '2025-12-22 13:50:42', NULL, NULL, NULL, 0, 0, NULL, NULL, NULL, NULL, NULL, NULL, NULL, NULL, NULL, NULL, NULL, 'A', '2025-12-22 13:50:27', 0, NULL, 0, NULL, NULL, NULL, NULL, '2025-12-22 04:01:32', '2025-12-22 13:51:49'),
(43, '95c61b45-3881-4987-b967-e07ab56a48e8', 'AIOT-ESP32-FABB2F7E', 9, NULL, '智能家居网关', NULL, '9a57b27c39854287b998ea46c879c4c8', '1.5', NULL, 'bound', 1, 1, '2025-12-23 22:49:45', NULL, NULL, NULL, 0, 0, NULL, NULL, NULL, NULL, NULL, NULL, NULL, NULL, NULL, NULL, NULL, 'A', '2025-12-23 22:49:19', 0, NULL, 0, NULL, NULL, NULL, NULL, '2025-12-23 02:38:31', '2025-12-23 14:49:45'),
(44, '9dc4dd14-08b8-44c9-b6f7-48d0db58f057', 'AIOT-ESP32-015BD370', 9, NULL, '智能家居网关', NULL, 'a9cbadef03894612adeba45d321d568b', '1.5', NULL, 'bound', 0, 1, '2025-12-25 01:00:20', NULL, NULL, NULL, 0, 0, NULL, NULL, NULL, NULL, NULL, NULL, NULL, NULL, NULL, NULL, NULL, 'A', '2025-12-25 01:00:14', 0, NULL, 0, NULL, NULL, NULL, NULL, '2025-12-23 14:49:38', '2025-12-29 12:22:07'),
(45, 'ec84847e-a3b7-4023-aea3-5a28d1c81940', 'AIOT-ESP32-84FE371E', 8, 3, 'aiot-1', NULL, 'af6386fb0cc74a0e84da5e692e4837c4', '1.5', NULL, 'bound', 0, 1, '2026-01-14 13:28:24', NULL, NULL, NULL, 0, 0, NULL, '1C:DB:D4:75:12:28', NULL, NULL, NULL, NULL, '{\"RAIN_SENSOR\": {\"enabled\": true, \"custom_name\": \"\"}, \"DHT11_humidity\": {\"enabled\": true, \"custom_name\": \"\"}, \"DHT11_temperature\": {\"enabled\": true, \"custom_name\": \"\"}}', '{\"led_1\": {\"enabled\": true, \"custom_name\": \"\"}, \"led_2\": {\"enabled\": true, \"custom_name\": \"\"}, \"led_3\": {\"enabled\": true, \"custom_name\": \"\"}, \"pwm_m1\": {\"enabled\": true, \"custom_name\": \"\"}, \"pwm_m2\": {\"enabled\": true, \"custom_name\": \"\"}, \"relay_1\": {\"enabled\": true, \"custom_name\": \"\"}, \"relay_2\": {\"enabled\": true, \"custom_name\": \"\"}}', '{\"preset_commands\": [{\"cmd\": \"sequence\", \"name\": \"开门\", \"type\": \"sequence\", \"steps\": [{\"delay\": 0, \"command\": {\"cmd\": \"pwm\", \"duty\": 2.5, \"device_id\": 2, \"frequency\": 50, \"device_type\": \"pwm\"}}], \"preset_key\": \"pwm_seq_mk6bwzt1\", \"description\": \"序列预设：开门\", \"device_type\": \"pwm\", \"preset_type\": \"sequence\"}, {\"cmd\": \"sequence\", \"name\": \"关门\", \"type\": \"sequence\", \"steps\": [{\"delay\": 0, \"command\": {\"cmd\": \"pwm\", \"duty\": 7.5, \"device_id\": 2, \"frequency\": 50, \"device_type\": \"pwm\"}}], \"preset_key\": \"pwm_seq_mk6c1j0v\", \"description\": \"序列预设：关门\", \"device_type\": \"pwm\", \"preset_type\": \"sequence\"}, {\"cmd\": \"sequence\", \"name\": \"晾衣服\", \"type\": \"sequence\", \"steps\": [{\"delay\": 0, \"command\": {\"cmd\": \"pwm\", \"duty\": 3.5, \"device_id\": 1, \"frequency\": 50, \"device_type\": \"pwm\"}}], \"preset_key\": \"pwm_seq_mk6tvqaf\", \"description\": \"序列预设：晾衣服\", \"device_type\": \"pwm\", \"preset_type\": \"sequence\"}, {\"cmd\": \"sequence\", \"name\": \"收衣服\", \"type\": \"sequence\", \"steps\": [{\"delay\": 0, \"command\": {\"cmd\": \"pwm\", \"duty\": 6, \"device_id\": 1, \"frequency\": 50, \"device_type\": \"pwm\"}}], \"preset_key\": \"pwm_seq_mk6tw4u4\", \"description\": \"序列预设：收衣服\", \"device_type\": \"pwm\", \"preset_type\": \"sequence\"}]}', NULL, NULL, 'A', '2026-01-14 13:27:59', 0, NULL, 0, NULL, NULL, NULL, NULL, '2026-01-04 12:26:50', '2026-01-14 05:56:05'),
(46, '7b8b6b66-d63a-4aaf-ba68-2ed552509267', 'AIOT-ESP32-4D94DDE1', 8, 3, 'robot', NULL, 'f8d9441b800d4abe887923f1fa4b6f8c', '1.5', NULL, 'bound', 1, 1, '2026-01-15 22:22:32', NULL, NULL, NULL, 0, 0, NULL, '1C:DB:D4:7A:52:84', NULL, NULL, NULL, NULL, '{\"RAIN_SENSOR\": {\"enabled\": true, \"custom_name\": \"\"}, \"DHT11_humidity\": {\"enabled\": true, \"custom_name\": \"\"}, \"DHT11_temperature\": {\"enabled\": true, \"custom_name\": \"\"}}', '{\"led_1\": {\"enabled\": true, \"custom_name\": \"\"}, \"led_2\": {\"enabled\": true, \"custom_name\": \"\"}, \"led_3\": {\"enabled\": true, \"custom_name\": \"\"}, \"pwm_m1\": {\"enabled\": true, \"custom_name\": \"\"}, \"pwm_m2\": {\"enabled\": true, \"custom_name\": \"\"}, \"relay_1\": {\"enabled\": true, \"custom_name\": \"\"}, \"relay_2\": {\"enabled\": true, \"custom_name\": \"\"}}', '{\"preset_commands\": [{\"cmd\": \"sequence\", \"name\": \"robot\", \"type\": \"sequence\", \"steps\": [{\"delay\": 1, \"command\": {\"cmd\": \"pwm\", \"duty\": 2, \"device_id\": 1, \"frequency\": 50, \"device_type\": \"pwm\"}}, {\"delay\": 1, \"command\": {\"cmd\": \"pwm\", \"duty\": 4, \"device_id\": 1, \"frequency\": 50, \"device_type\": \"pwm\"}}, {\"delay\": 1, \"command\": {\"cmd\": \"pwm\", \"duty\": 7, \"device_id\": 1, \"frequency\": 50, \"device_type\": \"pwm\"}}, {\"delay\": 0, \"command\": {\"cmd\": \"pwm\", \"duty\": 2, \"device_id\": 1, \"frequency\": 50, \"device_type\": \"pwm\"}}], \"preset_key\": \"pwm_seq_mkfeqxfs\", \"description\": \"序列预设：robot\", \"device_type\": \"pwm\", \"preset_type\": \"sequence\"}, {\"cmd\": \"sequence\", \"name\": \"robot1\", \"type\": \"sequence\", \"steps\": [{\"delay\": 0, \"command\": {\"cmd\": \"pwm\", \"duty\": 2.7, \"device_id\": 1, \"frequency\": 50, \"device_type\": \"pwm\"}}], \"preset_key\": \"pwm_seq_mkfetd9m\", \"description\": \"序列预设：robot1\", \"device_type\": \"pwm\", \"preset_type\": \"sequence\"}, {\"cmd\": \"sequence\", \"name\": \"robot2\", \"type\": \"sequence\", \"steps\": [{\"delay\": 0, \"command\": {\"cmd\": \"pwm\", \"duty\": 3.7, \"device_id\": 1, \"frequency\": 50, \"device_type\": \"pwm\"}}], \"preset_key\": \"pwm_seq_mkfetnfc\", \"description\": \"序列预设：robot2\", \"device_type\": \"pwm\", \"preset_type\": \"sequence\"}, {\"cmd\": \"sequence\", \"name\": \"robot7\", \"type\": \"sequence\", \"steps\": [{\"delay\": 0, \"command\": {\"cmd\": \"pwm\", \"duty\": 7, \"device_id\": 1, \"frequency\": 50, \"device_type\": \"pwm\"}}], \"preset_key\": \"pwm_seq_mkfetzmh\", \"description\": \"序列预设：robot7\", \"device_type\": \"pwm\", \"preset_type\": \"sequence\"}]}', NULL, NULL, 'A', '2026-01-15 22:22:27', 0, NULL, 0, NULL, NULL, NULL, NULL, '2026-01-15 09:26:11', '2026-01-15 14:22:32');

-- --------------------------------------------------------

--
-- 表的结构 `device_binding_history`
--

CREATE TABLE `device_binding_history` (
  `id` int(11) NOT NULL,
  `mac_address` varchar(17) NOT NULL COMMENT '设备MAC地址',
  `device_uuid` varchar(36) DEFAULT NULL COMMENT '设备UUID（解绑后可能为空）',
  `device_id` varchar(100) DEFAULT NULL COMMENT '设备ID',
  `device_name` varchar(100) DEFAULT NULL COMMENT '设备名称',
  `user_id` int(11) NOT NULL COMMENT '绑定用户ID',
  `user_email` varchar(255) DEFAULT NULL COMMENT '用户邮箱（冗余字段，便于查询）',
  `user_username` varchar(50) DEFAULT NULL COMMENT '用户名（冗余字段，便于查询）',
  `product_id` int(11) DEFAULT NULL COMMENT '产品ID',
  `product_code` varchar(100) DEFAULT NULL COMMENT '产品编码',
  `product_name` varchar(200) DEFAULT NULL COMMENT '产品名称（冗余字段，便于查询）',
  `action` varchar(20) NOT NULL COMMENT '操作类型：bind/unbind',
  `action_time` datetime NOT NULL COMMENT '操作时间',
  `notes` text COMMENT '备注信息（如解绑原因等）',
  `created_at` datetime DEFAULT NULL COMMENT '记录创建时间'
) ENGINE=InnoDB DEFAULT CHARSET=utf8mb4;

--
-- 转存表中的数据 `device_binding_history`
--

INSERT INTO `device_binding_history` (`id`, `mac_address`, `device_uuid`, `device_id`, `device_name`, `user_id`, `user_email`, `user_username`, `product_id`, `product_code`, `product_name`, `action`, `action_time`, `notes`, `created_at`) VALUES
(1, '9C:13:9E:8A:0F:08', 'd5c15008-a13e-4615-bf4e-a16f19e4e82f', 'AIOT-ESP32-E52EEA2A', '智能家居网关', 6, 'ai20251003@163.com', 'ai20251003', 9, 'ESP32-S3-Lite-01', 'ESP32-S3-基础学习版', 'unbind', '2025-11-20 12:02:54', '用户主动解绑设备', '2025-11-20 04:02:54'),
(2, '9C:13:9E:8A:0F:08', '58226756-cc85-4d60-ac31-237d775ee6fe', 'AIOT-ESP32-E3FC460D', '智能家居网关', 6, 'ai20251003@163.com', 'ai20251003', 9, 'ESP32-S3-Lite-01', 'ESP32-S3-基础学习版', 'unbind', '2025-11-20 12:30:07', '用户主动解绑设备', '2025-11-20 04:30:07'),
(3, '80:B5:4E:D6:F8:60', '10170892-3dbf-4963-b910-46d074d1726e', 'AIOT-ESP32-22BA8996', '开发测试', 2, '384704@qq.com', 'zhangqx', 5, 'ESP32-S3-Dev-01', 'ESP32-S3开发板', 'unbind', '2025-11-20 21:51:54', '用户主动解绑设备', '2025-11-20 13:51:54'),
(4, '9C:13:9E:8A:0F:08', '3fc1cda9-25fd-44e6-8f21-58bbbbbf28a9', 'AIOT-ESP32-E5884D2B', '智能家居网关 ', 6, 'ai20251003@163.com', 'ai20251003', 9, 'ESP32-S3-Lite-01', 'ESP32-S3-基础学习版', 'unbind', '2025-11-22 00:13:05', '用户主动解绑设备', '2025-11-21 16:13:05'),
(5, '9C:13:9E:8A:09:A8', '1a0a63db-2990-4292-9c62-3b8886b2dfea', 'AIOT-ESP32-85AB918F', 'anyway', 16, '2843004375@qq.com', 'CaryZ', 5, 'ESP32-S3-Dev-01', 'ESP32-S3开发板', 'unbind', '2025-11-26 18:41:23', '用户主动解绑设备', '2025-11-26 10:41:23'),
(6, '9C:13:9E:8A:07:44', 'f01bec35-8de4-4f68-9a47-226309e446d9', 'AIOT-ESP32-A463C956', '1\" or \"1=1\"', 26, '1718045225@qq.com', 'user123', 8, 'ESP32-S3-Rain-01', 'ESP32-S3 DevKit Rain（含雨水传感器）', 'unbind', '2025-11-26 18:47:23', '用户主动解绑设备', '2025-11-26 10:47:23'),
(7, '9C:13:91:8A:14:20', 'e45ef8b6-66b6-4d32-9914-9e587ef6f0d4', 'AIOT-ESP32-EB86CC02', '智能家居', 18, '2522128750@qq.com', 'chao', 5, 'ESP32-S3-Dev-01', 'ESP32-S3开发板', 'unbind', '2025-11-26 19:06:15', '用户主动解绑设备', '2025-11-26 11:06:15'),
(8, '9C:13:9E:8A:12:BC', 'bb23a4c7-5210-452a-bbd3-eb29a914cc2a', 'AIOT-ESP32-0B580F8E', '123', 30, 'weizx17@outlook.com', 'itsukiii', 8, 'ESP32-S3-Rain-01', 'ESP32-S3 DevKit Rain（含雨水传感器）', 'unbind', '2025-11-26 19:12:41', '用户主动解绑设备', '2025-11-26 11:12:41'),
(9, '9C:13:9E:8A:0F:08', '702c7206-52a7-4d4d-a23a-772b8de0c61c', 'AIOT-ESP32-424ED1E6', '智能家居网关', 6, 'ai20251003@163.com', 'ai20251003', 9, 'ESP32-S3-Lite-01', 'ESP32-S3-基础学习版', 'unbind', '2025-11-27 08:49:09', '用户主动解绑设备', '2025-11-27 00:49:09'),
(10, '9C:13:9E:8A:0F:08', '078e2157-19b4-46f8-8f72-b615931a3839', 'AIOT-ESP32-B3BCA110', 'test', 6, 'ai20251003@163.com', 'ai20251003', 9, 'ESP32-S3-Lite-01', 'ESP32-S3-基础学习版', 'unbind', '2025-11-28 15:13:50', '用户主动解绑设备', '2025-11-28 07:13:50'),
(11, '9C:13:9E:8A:0F:08', '09881649-6120-4f50-9a95-243aa75c1303', 'AIOT-ESP32-CAB7CDBA', 'test', 6, 'ai20251003@163.com', 'ai20251003', 9, 'ESP32-S3-Lite-01', 'ESP32-S3-基础学习版', 'unbind', '2025-11-28 15:35:21', '用户主动解绑设备', '2025-11-28 07:35:21'),
(12, '9C:13:9E:8A:0C:78', '1fcb3c12-63eb-4a67-9f85-293e24bf367c', 'AIOT-ESP32-4B21915A', 'Iorem', 25, '2501210705@stu.pku.edu.cn', 'elsa', 5, 'ESP32-S3-Dev-01', 'ESP32-S3开发板', 'unbind', '2025-12-02 22:10:12', '用户主动解绑设备', '2025-12-02 14:10:12'),
(13, 'C6:94:2F:C7:0A:7D', '886bd9df-fb48-47b9-8448-8c491ccbcd40', 'AIOT-ESP32-2107E12C', 'esp32-whfbios2', 49, '18311239027@163.com', 'whfbios2025', 5, 'ESP32-S3-Dev-01', 'ESP32-S3开发板', 'unbind', '2025-12-11 08:58:54', '用户主动解绑设备', '2025-12-11 00:58:54'),
(14, '14:33:5C:2F:5D:54', '7cf62971-26f5-487a-bf6d-41d94879983e', 'AIOT-ESP32-00625FCA', 'esp32-whf', 49, '18311239027@163.com', 'whfbios2025', 5, 'ESP32-S3-Dev-01', 'ESP32-S3开发板', 'unbind', '2025-12-11 08:59:11', '用户主动解绑设备', '2025-12-11 00:59:11'),
(15, 'C6:94:2F:C7:0A:7D', 'c63b3dd8-e82d-45fb-9c46-b12e9e22febe', 'AIOT-ESP32-012A54C5', 'ESP32', 49, '18311239027@163.com', 'whfbios2025', 5, 'ESP32-S3-Dev-01', 'ESP32-S3开发板', 'unbind', '2025-12-11 09:11:36', '用户主动解绑设备', '2025-12-11 01:11:36'),
(16, 'A2:31:72:E7:15:15', '510495a7-47ab-4774-a1d1-e745f9430cf3', 'AIOT-ESP32-F937F7B8', 'esp32', 49, '18311239027@163.com', 'whfbios2025', 5, 'ESP32-S3-Dev-01', 'ESP32-S3开发板', 'unbind', '2025-12-11 09:11:44', '用户主动解绑设备', '2025-12-11 01:11:44'),
(17, '9C:13:9E:8A:0F:08', 'b1e87ae9-7f08-4c11-9b99-f07871e217aa', 'AIOT-ESP32-4DE0614A', 'test', 6, 'ai20251003@163.com', 'ai20251003', 9, 'ESP32-S3-Lite-01', 'ESP32-S3-基础学习版', 'unbind', '2025-12-21 18:28:37', '用户主动解绑设备', '2025-12-21 10:28:38'),
(18, '9C:13:9E:8A:0F:08', '84476dbc-3e31-4ae3-86bb-10f2b3a9f0e5', 'AIOT-ESP32-C0772969', '智能家居网关', 6, 'ai20251003@163.com', 'ai20251003', 9, 'ESP32-S3-Lite-01', 'ESP32-S3-基础学习版', 'unbind', '2025-12-22 13:51:49', '用户主动解绑设备', '2025-12-22 05:51:49'),
(19, '9C:13:9E:8A:0F:08', '95c61b45-3881-4987-b967-e07ab56a48e8', 'AIOT-ESP32-FABB2F7E', '智能家居网关', 6, 'ai20251003@163.com', 'ai20251003', 9, 'ESP32-S3-Lite-01', 'ESP32-S3-基础学习版', 'unbind', '2025-12-23 22:48:05', '用户主动解绑设备', '2025-12-23 14:48:05'),
(20, '9C:13:9E:8A:0F:08', '9dc4dd14-08b8-44c9-b6f7-48d0db58f057', 'AIOT-ESP32-015BD370', '智能家居网关', 6, 'ai20251003@163.com', 'ai20251003', 9, 'ESP32-S3-Lite-01', 'ESP32-S3-基础学习版', 'unbind', '2025-12-29 12:22:07', '用户主动解绑设备', '2025-12-29 04:22:07');

-- --------------------------------------------------------

--
-- 表的结构 `device_data_logs`
--

CREATE TABLE `device_data_logs` (
  `id` bigint(20) NOT NULL,
  `device_id` int(11) NOT NULL COMMENT '设备ID',
  `timestamp` datetime NOT NULL DEFAULT CURRENT_TIMESTAMP COMMENT '时间戳',
  `sensor_type` varchar(50) COLLATE utf8mb4_unicode_ci DEFAULT NULL COMMENT '传感器类型',
  `data` json NOT NULL COMMENT '传感器数据',
  `created_at` datetime DEFAULT CURRENT_TIMESTAMP COMMENT '创建时间'
) ENGINE=InnoDB DEFAULT CHARSET=utf8mb4 COLLATE=utf8mb4_unicode_ci COMMENT='设备数据日志表';

-- --------------------------------------------------------

--
-- 表的结构 `firmware_versions`
--

CREATE TABLE `firmware_versions` (
  `id` int(11) NOT NULL,
  `product_code` varchar(50) NOT NULL COMMENT '产品代号',
  `version` varchar(20) NOT NULL COMMENT '固件版本号',
  `firmware_url` varchar(500) NOT NULL COMMENT '固件下载URL',
  `file_size` int(11) DEFAULT NULL COMMENT '文件大小(字节)',
  `file_hash` varchar(64) DEFAULT NULL COMMENT '文件SHA256哈希值',
  `description` text COMMENT '版本描述',
  `release_notes` text COMMENT '发布说明',
  `is_active` tinyint(1) DEFAULT NULL COMMENT '是否激活',
  `is_latest` tinyint(1) DEFAULT NULL COMMENT '是否为最新版本',
  `created_at` datetime DEFAULT NULL COMMENT '创建时间',
  `updated_at` datetime DEFAULT NULL COMMENT '更新时间'
) ENGINE=InnoDB DEFAULT CHARSET=utf8mb4;

-- --------------------------------------------------------

--
-- 表的结构 `interaction_logs`
--

CREATE TABLE `interaction_logs` (
  `id` bigint(20) NOT NULL,
  `timestamp` datetime NOT NULL DEFAULT CURRENT_TIMESTAMP COMMENT '时间戳',
  `device_id` varchar(50) COLLATE utf8mb4_unicode_ci NOT NULL COMMENT '设备ID',
  `interaction_type` varchar(20) COLLATE utf8mb4_unicode_ci NOT NULL COMMENT '交互类型: data_upload/status/heartbeat/command/config_update',
  `direction` varchar(10) COLLATE utf8mb4_unicode_ci NOT NULL COMMENT '数据方向: inbound/outbound',
  `status` varchar(10) COLLATE utf8mb4_unicode_ci NOT NULL COMMENT '状态: success/failed/timeout/pending',
  `data_size` bigint(20) DEFAULT '0' COMMENT '数据大小(字节)',
  `response_time` int(11) DEFAULT NULL COMMENT '响应时间(毫秒)',
  `error_code` varchar(20) COLLATE utf8mb4_unicode_ci DEFAULT NULL COMMENT '错误代码',
  `error_message` text COLLATE utf8mb4_unicode_ci COMMENT '错误信息',
  `request_data` json DEFAULT NULL COMMENT '请求数据',
  `response_data` json DEFAULT NULL COMMENT '响应数据',
  `client_ip` varchar(45) COLLATE utf8mb4_unicode_ci DEFAULT NULL COMMENT '客户端IP',
  `user_agent` text COLLATE utf8mb4_unicode_ci COMMENT '用户代理',
  `session_id` varchar(100) COLLATE utf8mb4_unicode_ci DEFAULT NULL COMMENT '会话ID',
  `created_at` datetime DEFAULT CURRENT_TIMESTAMP COMMENT '创建时间'
) ENGINE=InnoDB DEFAULT CHARSET=utf8mb4 COLLATE=utf8mb4_unicode_ci COMMENT='交互日志表';

-- --------------------------------------------------------

--
-- 表的结构 `interaction_stats_daily`
--

CREATE TABLE `interaction_stats_daily` (
  `date` datetime NOT NULL COMMENT '日期',
  `device_id` varchar(50) COLLATE utf8mb4_unicode_ci NOT NULL COMMENT '设备ID',
  `total_interactions` int(11) DEFAULT '0' COMMENT '总交互次数',
  `successful_interactions` int(11) DEFAULT '0' COMMENT '成功交互次数',
  `failed_interactions` int(11) DEFAULT '0' COMMENT '失败交互次数',
  `data_upload_count` int(11) DEFAULT '0' COMMENT '数据上传次数',
  `data_download_count` int(11) DEFAULT '0' COMMENT '数据下载次数',
  `command_count` int(11) DEFAULT '0' COMMENT '命令次数',
  `heartbeat_count` int(11) DEFAULT '0' COMMENT '心跳次数',
  `avg_response_time` int(11) DEFAULT NULL COMMENT '平均响应时间',
  `total_data_transferred` bigint(20) DEFAULT '0' COMMENT '总数据传输量',
  `online_duration` int(11) DEFAULT '0' COMMENT '在线时长(分钟)',
  `updated_at` datetime DEFAULT CURRENT_TIMESTAMP ON UPDATE CURRENT_TIMESTAMP COMMENT '更新时间'
) ENGINE=InnoDB DEFAULT CHARSET=utf8mb4 COLLATE=utf8mb4_unicode_ci COMMENT='日级交互统计表';

-- --------------------------------------------------------

--
-- 表的结构 `interaction_stats_hourly`
--

CREATE TABLE `interaction_stats_hourly` (
  `timestamp` datetime NOT NULL COMMENT '时间戳',
  `device_id` varchar(50) COLLATE utf8mb4_unicode_ci NOT NULL COMMENT '设备ID',
  `interaction_type` varchar(20) COLLATE utf8mb4_unicode_ci NOT NULL COMMENT '交互类型',
  `total_count` int(11) DEFAULT '0' COMMENT '总次数',
  `success_count` int(11) DEFAULT '0' COMMENT '成功次数',
  `failed_count` int(11) DEFAULT '0' COMMENT '失败次数',
  `timeout_count` int(11) DEFAULT '0' COMMENT '超时次数',
  `avg_response_time` int(11) DEFAULT NULL COMMENT '平均响应时间(毫秒)',
  `max_response_time` int(11) DEFAULT NULL COMMENT '最大响应时间',
  `min_response_time` int(11) DEFAULT NULL COMMENT '最小响应时间',
  `total_data_size` bigint(20) DEFAULT '0' COMMENT '总数据量',
  `avg_data_size` bigint(20) DEFAULT '0' COMMENT '平均数据量',
  `updated_at` datetime DEFAULT CURRENT_TIMESTAMP ON UPDATE CURRENT_TIMESTAMP COMMENT '更新时间'
) ENGINE=InnoDB DEFAULT CHARSET=utf8mb4 COLLATE=utf8mb4_unicode_ci COMMENT='小时级交互统计表';

-- --------------------------------------------------------

--
-- 表的结构 `products`
--

CREATE TABLE `products` (
  `id` int(11) NOT NULL,
  `product_code` varchar(50) COLLATE utf8mb4_unicode_ci NOT NULL COMMENT '产品代码',
  `name` varchar(100) COLLATE utf8mb4_unicode_ci NOT NULL COMMENT '产品名称',
  `description` text COLLATE utf8mb4_unicode_ci COMMENT '产品描述',
  `category` varchar(50) COLLATE utf8mb4_unicode_ci DEFAULT NULL COMMENT '产品分类',
  `sensor_types` json DEFAULT NULL COMMENT '传感器类型配置',
  `control_ports` json DEFAULT NULL COMMENT '控制端口配置',
  `device_capabilities` json DEFAULT NULL COMMENT '设备能力配置',
  `default_device_config` json DEFAULT NULL COMMENT '默认设备配置',
  `communication_protocols` json DEFAULT NULL COMMENT '通信协议',
  `power_requirements` varchar(100) COLLATE utf8mb4_unicode_ci DEFAULT NULL COMMENT '电源要求',
  `firmware_version` varchar(20) COLLATE utf8mb4_unicode_ci DEFAULT NULL COMMENT '固件版本',
  `hardware_version` varchar(20) COLLATE utf8mb4_unicode_ci DEFAULT NULL COMMENT '硬件版本',
  `is_active` tinyint(1) DEFAULT '1' COMMENT '是否激活',
  `version` varchar(20) COLLATE utf8mb4_unicode_ci DEFAULT NULL COMMENT '产品版本',
  `manufacturer` varchar(100) COLLATE utf8mb4_unicode_ci DEFAULT NULL COMMENT '制造商',
  `manufacturer_code` varchar(50) COLLATE utf8mb4_unicode_ci DEFAULT NULL COMMENT '制造商代码',
  `total_devices` int(11) DEFAULT '0' COMMENT '设备总数',
  `is_system` tinyint(1) DEFAULT '0' COMMENT '是否系统内置产品',
  `creator_id` int(11) DEFAULT NULL COMMENT '创建者ID',
  `is_shared` tinyint(1) DEFAULT '0' COMMENT '是否共享',
  `created_at` datetime DEFAULT CURRENT_TIMESTAMP COMMENT '创建时间',
  `updated_at` datetime DEFAULT CURRENT_TIMESTAMP ON UPDATE CURRENT_TIMESTAMP COMMENT '更新时间'
) ENGINE=InnoDB DEFAULT CHARSET=utf8mb4 COLLATE=utf8mb4_unicode_ci COMMENT='产品表';

--
-- 转存表中的数据 `products`
--

INSERT INTO `products` (`id`, `product_code`, `name`, `description`, `category`, `sensor_types`, `control_ports`, `device_capabilities`, `default_device_config`, `communication_protocols`, `power_requirements`, `firmware_version`, `hardware_version`, `is_active`, `version`, `manufacturer`, `manufacturer_code`, `total_devices`, `is_system`, `creator_id`, `is_shared`, `created_at`, `updated_at`) VALUES
(5, 'ESP32-S3-Dev-01', 'ESP32-S3开发板', 'ESP32-S3 DevKit开发板，支持DHT11和DS18B20传感器，4个LED，2个继电器，1个舵机，1个PWM输出', 'IoT开发板', '{\"DHT11_humidity\": {\"key\": \"DHT11_humidity\", \"name\": \"DHT11湿度传感器\", \"type\": \"DHT11\", \"unit\": \"%\", \"range\": {\"max\": 100, \"min\": 0}, \"enabled\": true, \"accuracy\": 1, \"data_field\": \"humidity\"}, \"DHT11_temperature\": {\"key\": \"DHT11_temperature\", \"name\": \"DHT11温度传感器\", \"type\": \"DHT11\", \"unit\": \"°C\", \"range\": {\"max\": 80, \"min\": -40}, \"enabled\": true, \"accuracy\": 0.1, \"data_field\": \"temperature\"}, \"DS18B20_temperature\": {\"key\": \"DS18B20_temperature\", \"name\": \"DS18B20防水温度传感器\", \"type\": \"DS18B20\", \"unit\": \"°C\", \"range\": {\"max\": 125, \"min\": -55}, \"enabled\": true, \"accuracy\": 0.1, \"data_field\": \"temperature\"}}', '{\"led_1\": {\"key\": \"led_1\", \"pin\": 42, \"name\": \"LED1\", \"type\": \"LED\", \"enabled\": true, \"device_id\": 1, \"description\": \"板载LED1\"}, \"led_2\": {\"key\": \"led_2\", \"pin\": 41, \"name\": \"LED2\", \"type\": \"LED\", \"enabled\": true, \"device_id\": 2, \"description\": \"板载LED2\"}, \"led_3\": {\"key\": \"led_3\", \"pin\": 37, \"name\": \"LED3\", \"type\": \"LED\", \"enabled\": true, \"device_id\": 3, \"description\": \"板载LED3\"}, \"led_4\": {\"key\": \"led_4\", \"pin\": 36, \"name\": \"LED4\", \"type\": \"LED\", \"enabled\": true, \"device_id\": 4, \"description\": \"板载LED4\"}, \"pwm_m2\": {\"key\": \"pwm_m2\", \"pin\": 40, \"name\": \"PWM输出M2\", \"type\": \"PWM\", \"enabled\": true, \"device_id\": 2, \"description\": \"PWM输出端口2\", \"frequency_range\": {\"max\": 5000, \"min\": 100}, \"duty_cycle_range\": {\"max\": 100, \"min\": 0}}, \"relay_1\": {\"key\": \"relay_1\", \"pin\": 1, \"name\": \"继电器1\", \"type\": \"RELAY\", \"enabled\": true, \"device_id\": 1, \"description\": \"继电器通道1\"}, \"relay_2\": {\"key\": \"relay_2\", \"pin\": 2, \"name\": \"继电器2\", \"type\": \"RELAY\", \"enabled\": true, \"device_id\": 2, \"description\": \"继电器通道2\"}, \"servo_m1\": {\"key\": \"servo_m1\", \"pin\": 48, \"name\": \"舵机M1\", \"type\": \"SERVO\", \"enabled\": true, \"device_id\": 1, \"angle_range\": {\"max\": 180, \"min\": 0}, \"description\": \"舵机电机1\"}}', '{\"ota\": true, \"mqtt\": true, \"wifi\": true, \"sensors\": [\"DHT11\", \"DS18B20\"], \"controls\": [\"LED\", \"RELAY\", \"SERVO\", \"PWM\"]}', NULL, NULL, NULL, NULL, NULL, 1, NULL, NULL, NULL, 25, 1, NULL, 0, '2025-11-11 06:49:00', '2025-12-20 04:09:51'),
(8, 'ESP32-S3-Rain-01', 'ESP32-S3 DevKit Rain（含雨水传感器）', '基于ESP32-S3的物联网开发板，集成温湿度传感器、防水温度传感器、雨水传感器、LED指示灯和继电器控制', 'IoT开发板', '{\"RAIN_SENSOR\": {\"pin\": 34, \"name\": \"雨水传感器\", \"type\": \"RAIN_SENSOR\", \"enabled\": true, \"data_field\": \"is_raining\", \"description\": \"检测降雨情况\", \"level_field\": \"level\"}, \"DHT11_humidity\": {\"name\": \"DHT11湿度传感器\", \"type\": \"DHT11\", \"enabled\": true, \"data_field\": \"humidity\"}, \"DHT11_temperature\": {\"name\": \"DHT11温度传感器\", \"type\": \"DHT11\", \"enabled\": true, \"data_field\": \"temperature\"}}', '{\"led_1\": {\"name\": \"LED1\", \"type\": \"LED\", \"enabled\": true, \"device_id\": 1}, \"led_2\": {\"name\": \"LED2\", \"type\": \"LED\", \"enabled\": true, \"device_id\": 2}, \"led_3\": {\"name\": \"LED3\", \"type\": \"LED\", \"enabled\": true, \"device_id\": 3}, \"pwm_m1\": {\"pin\": 48, \"name\": \"PWM输出 (M1)\", \"type\": \"PWM\", \"enabled\": true, \"device_id\": 1, \"description\": \"可自定义频率和占空比的PWM输出\", \"frequency_range\": {\"max\": 40000, \"min\": 1}, \"duty_cycle_range\": {\"max\": 100, \"min\": 0}}, \"pwm_m2\": {\"pin\": 40, \"name\": \"PWM输出 (M2)\", \"type\": \"PWM\", \"enabled\": true, \"device_id\": 2, \"description\": \"可自定义频率和占空比的PWM输出\", \"frequency_range\": {\"max\": 40000, \"min\": 1}, \"duty_cycle_range\": {\"max\": 100, \"min\": 0}}, \"relay_1\": {\"name\": \"继电器1\", \"type\": \"RELAY\", \"enabled\": true, \"device_id\": 1}, \"relay_2\": {\"name\": \"继电器2\", \"type\": \"RELAY\", \"enabled\": true, \"device_id\": 2}}', '{\"sensors\": [\"temperature\", \"humidity\", \"rain\"], \"ram_size\": \"520KB\", \"watchdog\": true, \"actuators\": [\"led\", \"relay\", \"pwm\"], \"deep_sleep\": true, \"flash_size\": \"4MB\", \"ota_support\": true, \"communication\": [\"wifi\", \"mqtt\", \"http\"], \"cpu_frequency\": \"240MHz\", \"wifi_standards\": [\"802.11 b/g/n\"], \"operating_voltage\": \"3.3V\", \"operating_temperature\": {\"max\": 85, \"min\": -40}}', '{\"system_config\": {\"log_level\": \"INFO\", \"watchdog_timeout\": 60, \"sampling_interval\": 10, \"heartbeat_interval\": 30, \"data_retention_days\": 30}, \"communication_config\": {\"http\": {\"enabled\": true, \"timeout\": 5000, \"retry_count\": 3}, \"mqtt\": {\"qos\": 1, \"retain\": false, \"enabled\": true, \"keepalive\": 60}}, \"device_sensor_config\": {\"dht11\": {\"pin\": 4, \"enabled\": true, \"interval\": 10}, \"ds18b20\": {\"pin\": 5, \"enabled\": true, \"interval\": 10}, \"rain_sensor\": {\"pin\": 4, \"enabled\": true, \"interval\": 10}}, \"device_control_config\": {\"led\": {\"pin\": 2, \"enabled\": true, \"default_state\": false}, \"relay\": {\"pin\": 3, \"enabled\": true, \"default_state\": false}, \"pwm_m1\": {\"pin\": 48, \"enabled\": true, \"frequency\": 50, \"duty_cycle\": 7.5}}}', '[\"WiFi\", \"MQTT\", \"HTTP\"]', '{\"power\": \"0.5W\", \"current\": \"160mA\", \"voltage\": \"3.3V\"}', '1.0.0', 'ESP32-V2', 1, '0.1', '', 'ESP', 9, 1, NULL, 0, '2025-11-14 14:45:20', '2026-01-15 09:26:11'),
(9, 'ESP32-S3-Lite-01', 'ESP32-S3-基础学习版', '', NULL, '{\"DHT11_humidity\": {\"name\": \"DHT11湿度\", \"type\": \"DHT11\", \"enabled\": true, \"data_field\": \"humidity\"}, \"DHT11_temperature\": {\"name\": \"DHT11温度\", \"type\": \"DHT11\", \"enabled\": true, \"data_field\": \"temperature\"}}', '{\"led_1\": {\"name\": \"LED1\", \"type\": \"LED\", \"enabled\": true, \"device_id\": 1}, \"led_2\": {\"name\": \"LED2\", \"type\": \"LED\", \"enabled\": true, \"device_id\": 2}, \"led_3\": {\"name\": \"LED3\", \"type\": \"LED\", \"enabled\": true, \"device_id\": 3}, \"led_4\": {\"name\": \"LED4\", \"type\": \"LED\", \"enabled\": true, \"device_id\": 4}}', NULL, NULL, 'null', 'null', NULL, NULL, 1, '', '', NULL, 12, 1, NULL, 0, '2025-11-18 01:59:16', '2025-12-23 14:49:38'),
(10, 'ESP32', 'ESP32_S3_LCD_1.85', '', NULL, '{}', '{}', NULL, NULL, 'null', 'null', NULL, NULL, 1, '', '', NULL, 0, 0, 41, 0, '2025-11-29 14:29:09', '2025-11-29 14:29:09');

-- --------------------------------------------------------

--
-- 表的结构 `users`
--

CREATE TABLE `users` (
  `id` int(11) NOT NULL,
  `email` varchar(255) COLLATE utf8mb4_unicode_ci NOT NULL COMMENT '邮箱',
  `username` varchar(50) COLLATE utf8mb4_unicode_ci NOT NULL COMMENT '用户名',
  `name` varchar(100) COLLATE utf8mb4_unicode_ci DEFAULT NULL COMMENT '姓名',
  `password_hash` varchar(255) COLLATE utf8mb4_unicode_ci NOT NULL COMMENT '密码哈希',
  `role` varchar(20) COLLATE utf8mb4_unicode_ci NOT NULL DEFAULT 'user' COMMENT '用户角色：admin/user',
  `is_active` tinyint(1) DEFAULT '1' COMMENT '是否激活',
  `last_login` datetime DEFAULT NULL COMMENT '最后登录时间',
  `created_at` datetime DEFAULT CURRENT_TIMESTAMP COMMENT '创建时间',
  `updated_at` datetime DEFAULT CURRENT_TIMESTAMP ON UPDATE CURRENT_TIMESTAMP COMMENT '更新时间'
) ENGINE=InnoDB DEFAULT CHARSET=utf8mb4 COLLATE=utf8mb4_unicode_ci COMMENT='用户表';

--
-- 转存表中的数据 `users`
--

INSERT INTO `users` (`id`, `email`, `username`, `name`, `password_hash`, `role`, `is_active`, `last_login`, `created_at`, `updated_at`) VALUES
(1, 'admin@aiot.com', 'admin', '系统管理员', '$pbkdf2-sha256$29000$dK6Vcm4tReg9B0DImTMmRA$sxi6IZom9C17tDagKrVkE/4PBVBLClSBZDdSGVmystM', 'admin', 1, '2025-11-20 14:27:53', '2025-11-11 06:49:00', '2025-11-20 14:27:53'),
(2, '384704@qq.com', 'zhangqx', NULL, '$pbkdf2-sha256$29000$dK6Vcm4tReg9B0DImTMmRA$sxi6IZom9C17tDagKrVkE/4PBVBLClSBZDdSGVmystM', 'user', 1, '2025-11-26 10:38:09', '2025-11-10 22:50:25', '2025-11-26 10:38:09'),
(3, '272745990@qq.com', 'arui', NULL, '$pbkdf2-sha256$29000$dW5NKcW417p3LmUsJQTgfA$3.bVKdEWumYWULUWw6cy/.yIVFXH31xAgK7L6x9q6p0', 'user', 1, '2026-01-15 13:43:23', '2025-11-11 10:11:11', '2026-01-15 13:43:23'),
(4, 'xyq2929@163.com', 'xyq2929', NULL, '$pbkdf2-sha256$29000$WQtBaI1x7p1Tau39PydEKA$WFf1Uq3A6IKizBsc36bPJct96LLy1iMKFoZXJZY7DtA', 'user', 1, '2025-11-19 08:45:19', '2025-11-11 16:41:55', '2025-11-19 08:45:19'),
(5, 'xyq-kun@163.com', 'AIOT1', NULL, '$pbkdf2-sha256$29000$CGHsHQOglBJCaA1hLEVoLQ$Snm7MflcILrH7AMjldf0/PmzLhstIVsEo9Qa/fakplQ', 'user', 1, '2025-11-27 00:25:00', '2025-11-18 05:15:54', '2025-11-27 00:25:00'),
(6, 'ai20251003@163.com', 'ai20251003', NULL, '$pbkdf2-sha256$29000$TUnJOcfY2zvH2LuXEkLIuQ$wu4htrdOobDy3JmLxuyNp3CNSnM.kY/9LYNgCtJAd6c', 'user', 1, '2025-12-29 04:21:30', '2025-11-19 03:17:38', '2025-12-29 04:21:30'),
(7, '385125@qq.com', 'zqx431', NULL, '$pbkdf2-sha256$29000$KkUoRSilNGasVeodQ6i1lg$0crQdDxpWHCc5DZwHbAusroL8ozSWLLvUp0yzfVBr38', 'user', 1, '2025-11-20 01:05:52', '2025-11-20 01:02:52', '2025-11-20 01:05:52'),
(8, '3302902667@qq.com', 'CWY', NULL, '$pbkdf2-sha256$29000$2HtPKeUcA2BszflfS4kRIg$OCka85Jb9QIG7pbw6ULdcDZ1m9TT6g4v7OLKOfeQWvg', 'user', 1, '2025-11-24 07:15:09', '2025-11-24 07:14:35', '2025-11-24 07:15:09'),
(9, 'wyb139@139.com', 'wyb7968', NULL, '$pbkdf2-sha256$29000$xLh3LsUYQ.jdW0upFcI4Zw$aTWziMbGuE2NWsdLmbpj1uvRCtpRigYgTSzgTVAvm.I', 'user', 1, '2025-11-24 13:51:25', '2025-11-24 13:50:30', '2025-11-24 13:51:25'),
(10, '807334112@qq.com', 'willing006', NULL, '$pbkdf2-sha256$29000$KAWgNAZAKCUEgPA.xziHMA$nAjmTchmJCw7iMz63q670ux1KiNK2zcJSZZJ0aDCJJI', 'user', 1, '2025-11-24 15:25:59', '2025-11-24 15:25:45', '2025-11-24 15:25:59'),
(11, '2069945295@qq.com', 'ztsmile', NULL, '$pbkdf2-sha256$29000$JYSwNsa4d66VEqJ0rjUGYA$qNr0Jam7UtW3JfeBV6Rg/axrpAPHvkCQSxdOYgdHjUo', 'user', 1, '2025-11-25 12:23:43', '2025-11-25 12:21:39', '2025-11-25 12:23:43'),
(12, '1633005250@qq.com', 'j1633005250', NULL, '$pbkdf2-sha256$29000$1hojBKB0rnUupVTqHeP8/w$CMi/8b2eJDOEasXHUf.FCSTAvZawREm955v7eIW/ZL4', 'user', 1, NULL, '2025-11-25 12:29:11', '2025-11-25 12:29:11'),
(13, '2495288449@qq.com', 'MAYI', NULL, '$pbkdf2-sha256$29000$ZCyF0PrfOyfEeI.RshYiBA$mOe0wDiZpnJJSQhtXkHUoe.YFHswgQy.QzHi4CYExEI', 'user', 1, '2025-11-25 13:28:16', '2025-11-25 13:28:06', '2025-11-25 13:28:16'),
(14, '15516913970@163.com', 'zhangtongxue', NULL, '$pbkdf2-sha256$29000$nrN2LgUgxHjvfa9VypkT4g$RhugPQRafo51IhCKD7GFx4vua4GtNJTtcH4v9jngQiI', 'user', 1, '2025-11-26 06:40:05', '2025-11-26 06:39:43', '2025-11-26 06:40:05'),
(15, '1174891566@qq.com', 'lwh', NULL, '$pbkdf2-sha256$29000$X.v9v7e2tlYK4XzvPcdYaw$P2GJXZvYJtY73.D8mbLzKXLQr/zK1B/yjTXXIlUEE5U', 'user', 1, '2025-12-10 09:57:41', '2025-11-26 10:38:34', '2025-12-10 09:57:41'),
(16, '2843004375@qq.com', 'CaryZ', NULL, '$pbkdf2-sha256$29000$klJqLWVMCUGIkVIKAUAoJQ$MEd/7JhezHbhO5lMT0NlhBCz4rr5/cYXfBPraEdFid0', 'user', 1, '2025-11-29 12:33:39', '2025-11-26 10:38:35', '2025-11-29 12:33:39'),
(17, '2404174187@qq.com', 'frechen026', NULL, '$pbkdf2-sha256$29000$0LrXWquVspby/n/vvXeO8Q$AG86.987EBotteCheVxStcAsSeoUmviFHy0LhwdjNZ0', 'user', 1, '2025-12-03 11:07:57', '2025-11-26 10:38:52', '2025-12-03 11:07:57'),
(18, '2522128750@qq.com', 'chao', NULL, '$pbkdf2-sha256$29000$WesdozTm/B9DiPG.txZiDA$GnVd0.tKIdoTyjy65xz.hcQZ4utQgvXzTswcJs2ENx4', 'user', 1, '2025-12-03 14:15:15', '2025-11-26 10:39:26', '2025-12-03 14:15:15'),
(19, '2501210436@pku.edu.cn', 'xuchuqi', NULL, '$pbkdf2-sha256$29000$WatVypnzXgsBoDQGoBSCkA$FBh0bUQgC87vWvGklamYAsWSTz480mAbUMM9L03ZASw', 'user', 1, '2025-11-26 10:40:30', '2025-11-26 10:39:44', '2025-11-26 10:40:30'),
(20, 'urlichtx@163.com', 'xzm', NULL, '$pbkdf2-sha256$29000$MiZECKG0NqZ0TqkVolQK4Q$FypbF8CoGMiwiJD0J.IqQOZl9vqwXGKLDCwJls5x9uw', 'user', 1, '2025-12-14 13:12:52', '2025-11-26 10:40:20', '2025-12-14 13:12:52'),
(21, '2771892206@qq.com', 'hux', NULL, '$pbkdf2-sha256$29000$sPZeS2mtVYqxNkaoNSZkDA$1r7vaLgBr0NbyXIUfMT46mYO3RvFk1hijTiAeFJkixg', 'user', 1, NULL, '2025-11-26 10:40:21', '2025-11-26 10:40:21'),
(22, 'liuruixin.work@foxmail.com', 'lrx', NULL, '$pbkdf2-sha256$29000$yNkbwzgH4BzjvLe29v4/Bw$GsSBv27nmKHzTc6N6M9uA.Y7HgrV2Kj2uqZ7n4R.v2c', 'user', 1, NULL, '2025-11-26 10:40:40', '2025-11-26 10:40:40'),
(23, '2798528336@qq.com', 'lyh', NULL, '$pbkdf2-sha256$29000$S4nR.l.rldL6P0eoda61tg$kRa1cYz/jMG6joRbRnufhtbTbF45Fx18rpy4hFnh8Sk', 'user', 1, '2025-11-26 10:42:00', '2025-11-26 10:41:14', '2025-11-26 10:42:00'),
(24, '1749683268@qq.com', 'hth', NULL, '$pbkdf2-sha256$29000$qpVSCuFcq3VO6d17T0kpxQ$nyz24w9CSnSFgf456hDfCIJ9Y6PVQmDy0tNANea0ur0', 'user', 1, '2025-11-26 10:41:56', '2025-11-26 10:41:47', '2025-11-26 10:41:56'),
(25, '2501210705@stu.pku.edu.cn', 'elsa', NULL, '$pbkdf2-sha256$29000$ojRmzPkfY4wxZqz1PmdsbQ$LGGuMhnFCk4itRgJXLVtMXWFJ121VfovqL3qeS9W7Us', 'user', 1, '2025-12-02 14:05:14', '2025-11-26 10:42:39', '2025-12-02 14:05:14'),
(26, '1718045225@qq.com', 'user123', NULL, '$pbkdf2-sha256$29000$cm4N4VwrZex9L8UY43yP0Q$OmMxeYrsw2K4zecArbbCHhNsILoBx5gTQl.2qIJqVl4', 'user', 1, '2025-12-03 10:17:18', '2025-11-26 10:42:45', '2025-12-03 10:17:18'),
(27, '1247296020@qq.com', 'wwww', NULL, '$pbkdf2-sha256$29000$PEdIyVlrzbkXAkCIsVZKqQ$QAuDdBt5/P0SZgom4cFF0yYatCKlV8Q2d7bOTFa/gBE', 'user', 1, '2025-11-26 10:44:35', '2025-11-26 10:43:52', '2025-11-26 10:44:35'),
(28, 'dallby@163.com', 'dallby', NULL, '$pbkdf2-sha256$29000$eY.xdm4NAcC4t3ZO6V2LMQ$lgYOhRFQL/GA8fuQ7iV.eIm1H4kuHiuY2GEKkSOC9mc', 'user', 1, '2025-11-26 10:44:33', '2025-11-26 10:44:21', '2025-11-26 10:44:33'),
(29, 'liuruixinsdu@163.com', 'undefined_team', NULL, '$pbkdf2-sha256$29000$3VvLeS9FiJFybk3pfS9lTA$lp2oWehsWDmjYzIOqSkWZElvNXcFDkaC35XYStfl2TM', 'user', 1, '2025-12-24 10:24:06', '2025-11-26 10:45:07', '2025-12-24 10:24:06'),
(30, 'weizx17@outlook.com', 'itsukiii', NULL, '$pbkdf2-sha256$29000$nbM2hrD2HiOEcC4FYGztvQ$tErDffCJJg8NlzJ1yhiY3Kw51fz38wwDxxF8fi6HjCs', 'user', 1, '2025-11-26 11:12:07', '2025-11-26 10:45:13', '2025-11-26 11:12:07'),
(31, 'sukezheng@stu.pku.edu.cn', 'ssskz', NULL, '$pbkdf2-sha256$29000$Nebc27uXMsbYO0cIAeDc2w$BsqDzRt3xWMSFfoWveeVvCcBdvwVhr9Qhm18Klh.BrM', 'user', 1, NULL, '2025-11-26 10:55:42', '2025-11-26 10:55:42'),
(32, '748527866@qq.com', 'sukezheng', NULL, '$pbkdf2-sha256$29000$ndN6b80ZwzhnzHlv7X0PQQ$VwU9F6fzyNrN5AKJMPB.jU4mgSDGw2hf/.mIEOSuZ2Q', 'user', 1, NULL, '2025-11-26 10:58:41', '2025-11-26 10:58:41'),
(33, '2401210420@stu.pku.edu.cn', '2024skz', NULL, '$pbkdf2-sha256$29000$DKF0bk2pdQ5hDIEwBoBQCg$5ybcBFEXlDqnHc0NaRkkb.aCRQ0JMX0x.M6caWxCg/o', 'user', 1, NULL, '2025-11-26 11:00:28', '2025-11-26 11:00:28'),
(34, '2012604@mail.nankai.edu.cn', 'sssskzz', NULL, '$pbkdf2-sha256$29000$mjMGQEhpzTmH0FrLOUfonQ$lX70ATfBjrXOE2PUFzv1sryE4VK/pYeqeR/Cp2mCxRs', 'user', 1, NULL, '2025-11-26 11:03:09', '2025-11-26 11:03:09'),
(35, '2012604@mail.nankai', 'susu', NULL, '$pbkdf2-sha256$29000$bo1R6l2rlTImpLQ2BoCwlg$Lyd82T59DhPrj7TokycdY653diuvcRMePbq8.3Kvlo4', 'user', 1, '2025-11-26 11:06:33', '2025-11-26 11:05:23', '2025-11-26 11:06:33'),
(36, 'messimail0@163.com', 'aka', NULL, '$pbkdf2-sha256$29000$k5LSurfWOgeAkLJ2rjVGiA$eFKVZo1yytLOOwgO9mXw5RawfP.GDyrkkSXMabgH6cA', 'user', 1, NULL, '2025-11-26 11:11:17', '2025-11-26 11:11:17'),
(37, '18782177872@163.com', 'nnnn', NULL, '$pbkdf2-sha256$29000$5Ly39p5zLqV0bm3tPQfgnA$1b5bIiXH55bXdyjVz6LvLVsN2S6ru8XP1rd06P7EsXc', 'user', 1, '2025-12-17 10:08:59', '2025-11-26 11:11:24', '2025-12-17 10:08:59'),
(38, '3059813755@qq.com', 'xy3059813755', NULL, '$pbkdf2-sha256$29000$by3FGCOklDIm5Nx7b20thQ$qR/dJqJLn.xRGLcy.HjmeLUxcf./voWhggZZyAvFHYo', 'user', 1, '2025-11-26 11:20:59', '2025-11-26 11:20:52', '2025-11-26 11:20:59'),
(39, '2428371911@qq.com', 'daoye', NULL, '$pbkdf2-sha256$29000$k5IyZqzVure2do4RIqRU6g$qiGEzTP0RIqCplVjYb11zy1mpub5A702LTaRAzaShkA', 'user', 1, '2025-11-28 06:01:25', '2025-11-27 04:17:21', '2025-11-28 06:01:25'),
(40, '12012437@mail.sustech.edu.cn', 'WENYAN', NULL, '$pbkdf2-sha256$29000$rhVCCEFoLcXYW8vZ.x/D2A$x/lHkHfJXdyMguE/ybhutG.Mo3WOpn.TUc4dn7moekY', 'user', 1, '2025-11-28 05:00:00', '2025-11-27 06:32:23', '2025-11-28 05:00:00'),
(41, '1787854955@qq.com', 'zoudx', NULL, '$pbkdf2-sha256$29000$15qTcm6tlbL2fu89ZywlRA$tiAtIf/8x6YKdHVHLJNNpKeioIBJslabWi8c9/v9/5k', 'user', 1, '2025-11-29 14:26:08', '2025-11-29 14:25:59', '2025-11-29 14:26:08'),
(42, '1533070657@qq.com', 'tanzhouqiang', NULL, '$pbkdf2-sha256$29000$/T/n/N.b03oPIURISYmR8g$wG1BGijLPyEhcupM.12RHg/3GR/YkLwTOFktvdxE66E', 'user', 1, '2025-11-29 23:11:29', '2025-11-29 23:11:09', '2025-11-29 23:11:29'),
(43, '2765153191@qq.com', 'Aa123456', NULL, '$pbkdf2-sha256$29000$ydkbAwDgnBPCGCNkrJXyvg$1Fc6kt4s39ovc/vU/Sk7qbZuXe93KFAENSWqvRG9Q/o', 'user', 1, '2025-12-02 07:49:34', '2025-12-01 13:22:32', '2025-12-02 07:49:34'),
(44, '2607862408@qq.com', 'symphony', NULL, '$pbkdf2-sha256$29000$ay0FIMQYw3iP8R6jFOL8nw$i2inW.IQeir.Pjzl/8WBh2he7OeHS6p0aT2iOAjGXXM', 'user', 1, '2025-12-02 06:30:21', '2025-12-02 06:29:48', '2025-12-02 06:30:21'),
(45, '13811899957@163.com', 'lorem', NULL, '$pbkdf2-sha256$29000$1DqH0Hpvba0VwtgbYwwhBA$EVOlGQ1RDaryiJ1Dbd/CC179BF7Go/Iu28df0QAuICU', 'user', 1, '2026-01-08 16:31:30', '2025-12-02 14:11:10', '2026-01-08 16:31:30'),
(46, 'cenjiajun@qq.com', 'cenjiajun', NULL, '$pbkdf2-sha256$29000$L0VozTmn9P6/l1KKcW4NgQ$lI06u1T2cPJiOqdFDnva3w7O8iVlY88glGD0uNmx/F0', 'user', 1, '2025-12-06 04:44:46', '2025-12-06 04:44:30', '2025-12-06 04:44:46'),
(47, 'gbjackie@126.com', 'gbjackie', NULL, '$pbkdf2-sha256$29000$xVirNebc.98b4/z/n1MqRQ$izQi8FsFr7r/VQszCw6Hxsc5EWvHdq.jrxI38y21hCk', 'user', 1, '2025-12-12 00:30:33', '2025-12-10 07:07:36', '2025-12-12 00:30:33'),
(48, '2401210420@pku.com', 'pkuskz', NULL, '$pbkdf2-sha256$29000$Z6xVaq015nzvvbcW4tybEw$VQRh.xCUwGzOgF.qponrinGTbkDePwl6cPT5/aT3C0w', 'user', 1, '2025-12-10 11:12:32', '2025-12-10 10:08:41', '2025-12-10 11:12:32'),
(49, '18311239027@163.com', 'whfbios2025', NULL, '$pbkdf2-sha256$29000$kRJiTAkBoJRSCuFcq9U6hw$Laj94DaUrtDtQqGWb4JOJeSyL2c4RGMEHkO9XuSM.pM', 'user', 1, '2026-01-04 07:21:10', '2025-12-10 13:15:55', '2026-01-04 07:21:10'),
(50, 'zsymh@icloud.com', 'zsymh', NULL, '$pbkdf2-sha256$29000$G8N4rzUmxHivda6Vcg5hbA$NezNzZbJdughyCZiQVtBJuCTbPyKZGjZM.KWc01xMwU', 'user', 1, '2025-12-11 06:51:13', '2025-12-11 06:50:03', '2025-12-11 06:51:13'),
(51, '568335985@qq.com', 'chovaxie', NULL, '$pbkdf2-sha256$29000$Ycz533tPKSVE6H1vzTlHSA$hyJaZHoEidjDA8pzEMoQ5dDRcioqPr5dG.PxtMMyg7U', 'user', 1, NULL, '2025-12-19 03:48:16', '2025-12-19 03:48:16'),
(52, '77984942@qq.com', 'kgkc521', NULL, '$pbkdf2-sha256$29000$M0ZoDYEQIoQwBuD8/x8jJA$izIUrzNXXsVOMpMYBdD9I1YSlBXy8h9c0UJOoKgoYls', 'user', 1, '2025-12-21 05:49:54', '2025-12-19 05:12:45', '2025-12-21 05:49:54'),
(53, 'yaomai123@139.com', 'yirushang1', NULL, '$pbkdf2-sha256$29000$pVSqNUaoFaJUSmlNKUWoVQ$5GdUtThVGqHizmGR/FL.9XH4ddZVSgTYyiPzBj1mzLQ', 'user', 1, '2025-12-20 04:07:25', '2025-12-20 04:07:15', '2025-12-20 04:07:25'),
(54, 'bjgfo@163.com', 'aruitest', NULL, '$pbkdf2-sha256$29000$4DyndC5lbC1l7H3vndMaYw$lVnAfmcIKKXn7Z/UaL.QTJPDp9UQjyHq0cjMbbno9Do', 'user', 1, NULL, '2025-12-21 12:16:45', '2025-12-21 12:16:45'),
(55, '2971791176@qq.com', 'X202', NULL, '$pbkdf2-sha256$29000$lFJqzbn3Pqf0/l/rnVNqjQ$45lWXMqiuA8gjEQy4K8h5T0O/vMYhKgk4mw9ymnSi4I', 'user', 1, '2025-12-21 17:36:22', '2025-12-21 17:34:53', '2025-12-21 17:36:22'),
(56, 'pader@139.com', 'abccba', NULL, '$pbkdf2-sha256$29000$.z8HgBCCUIox5tz7f48RYg$ytJzezMAF9C5BJYSoT4rMDJ/bFTV2VKcjWt3hP515.s', 'user', 1, '2025-12-23 14:08:18', '2025-12-23 14:07:41', '2025-12-23 14:08:18'),
(57, '13844942877@163.com', 'WYZwyz24', NULL, '$pbkdf2-sha256$29000$XStFaK1VKoVwLiWE8F7LGQ$aJVadaFUBBGvYYj6s9h2bwuKljJrcwa.5C93JtB6k.I', 'user', 1, '2025-12-24 07:52:16', '2025-12-24 07:51:35', '2025-12-24 07:52:16'),
(58, 'kjc518@163.com', 'king', NULL, '$pbkdf2-sha256$29000$Y0zpPad0zhmDsJZyLgVg7A$d/k74X/gyKpY75QdmkaCT1WoszPEuFZ0t.BhDGSWSHw', 'user', 1, '2025-12-30 06:29:30', '2025-12-30 06:28:43', '2025-12-30 06:29:30'),
(59, '1265246694@qq.com', 'chen3268', NULL, '$pbkdf2-sha256$29000$AsB4LwWA0Lr3Pqe0FoLQGg$IwX9dJKRbLq7vMaKO5d8Po30HuFIPjAENOMkG9jcEFo', 'user', 1, '2026-01-16 01:41:55', '2026-01-15 09:16:29', '2026-01-16 01:41:55'),
(60, 'abcd@abcd.com', 'abcd123', NULL, '$pbkdf2-sha256$29000$ojTmHMMYg/A.5/zfm1OKEQ$t2db4goMXsP1JL1m5waKLl2TG8q5nKLXb.XUovW1YYQ', 'user', 1, '2026-01-17 13:04:18', '2026-01-17 13:03:24', '2026-01-17 13:04:18');

--
-- 转储表的索引
--

--
-- 表的索引 `access_logs`
--
ALTER TABLE `access_logs`
  ADD PRIMARY KEY (`id`),
  ADD KEY `idx_ip_address` (`ip_address`),
  ADD KEY `idx_timestamp` (`timestamp`),
  ADD KEY `idx_mac_address` (`mac_address`);

--
-- 表的索引 `devices`
--
ALTER TABLE `devices`
  ADD PRIMARY KEY (`id`),
  ADD UNIQUE KEY `uuid` (`uuid`),
  ADD UNIQUE KEY `device_id` (`device_id`),
  ADD UNIQUE KEY `idx_uuid` (`uuid`),
  ADD UNIQUE KEY `idx_device_id` (`device_id`),
  ADD KEY `idx_product_id` (`product_id`),
  ADD KEY `idx_user_id` (`user_id`),
  ADD KEY `idx_device_status` (`device_status`),
  ADD KEY `idx_is_online` (`is_online`),
  ADD KEY `idx_mac_address` (`mac_address`);

--
-- 表的索引 `device_binding_history`
--
ALTER TABLE `device_binding_history`
  ADD PRIMARY KEY (`id`),
  ADD KEY `product_id` (`product_id`),
  ADD KEY `ix_device_binding_history_device_uuid` (`device_uuid`),
  ADD KEY `ix_device_binding_history_action_time` (`action_time`),
  ADD KEY `ix_device_binding_history_mac_address` (`mac_address`),
  ADD KEY `ix_device_binding_history_id` (`id`),
  ADD KEY `ix_device_binding_history_user_id` (`user_id`),
  ADD KEY `idx_mac_action_time` (`mac_address`,`action_time`);

--
-- 表的索引 `device_data_logs`
--
ALTER TABLE `device_data_logs`
  ADD PRIMARY KEY (`id`),
  ADD KEY `idx_device_timestamp` (`device_id`,`timestamp`),
  ADD KEY `idx_timestamp` (`timestamp`),
  ADD KEY `idx_sensor_type` (`sensor_type`);

--
-- 表的索引 `firmware_versions`
--
ALTER TABLE `firmware_versions`
  ADD PRIMARY KEY (`id`),
  ADD KEY `ix_firmware_versions_product_code` (`product_code`),
  ADD KEY `ix_firmware_versions_id` (`id`);

--
-- 表的索引 `interaction_logs`
--
ALTER TABLE `interaction_logs`
  ADD PRIMARY KEY (`id`),
  ADD KEY `idx_timestamp` (`timestamp`),
  ADD KEY `idx_device_id` (`device_id`),
  ADD KEY `idx_interaction_type` (`interaction_type`),
  ADD KEY `idx_status` (`status`),
  ADD KEY `idx_device_timestamp` (`device_id`,`timestamp`);

--
-- 表的索引 `interaction_stats_daily`
--
ALTER TABLE `interaction_stats_daily`
  ADD PRIMARY KEY (`date`,`device_id`);

--
-- 表的索引 `interaction_stats_hourly`
--
ALTER TABLE `interaction_stats_hourly`
  ADD PRIMARY KEY (`timestamp`,`device_id`,`interaction_type`);

--
-- 表的索引 `products`
--
ALTER TABLE `products`
  ADD PRIMARY KEY (`id`),
  ADD UNIQUE KEY `product_code` (`product_code`),
  ADD UNIQUE KEY `idx_product_code` (`product_code`),
  ADD KEY `idx_name` (`name`),
  ADD KEY `idx_category` (`category`);

--
-- 表的索引 `users`
--
ALTER TABLE `users`
  ADD PRIMARY KEY (`id`),
  ADD UNIQUE KEY `email` (`email`),
  ADD UNIQUE KEY `username` (`username`),
  ADD KEY `idx_email` (`email`),
  ADD KEY `idx_username` (`username`),
  ADD KEY `idx_role` (`role`);

--
-- 在导出的表使用AUTO_INCREMENT
--

--
-- 使用表AUTO_INCREMENT `access_logs`
--
ALTER TABLE `access_logs`
  MODIFY `id` int(11) NOT NULL AUTO_INCREMENT, AUTO_INCREMENT=591;

--
-- 使用表AUTO_INCREMENT `devices`
--
ALTER TABLE `devices`
  MODIFY `id` int(11) NOT NULL AUTO_INCREMENT, AUTO_INCREMENT=47;

--
-- 使用表AUTO_INCREMENT `device_binding_history`
--
ALTER TABLE `device_binding_history`
  MODIFY `id` int(11) NOT NULL AUTO_INCREMENT, AUTO_INCREMENT=21;

--
-- 使用表AUTO_INCREMENT `device_data_logs`
--
ALTER TABLE `device_data_logs`
  MODIFY `id` bigint(20) NOT NULL AUTO_INCREMENT;

--
-- 使用表AUTO_INCREMENT `firmware_versions`
--
ALTER TABLE `firmware_versions`
  MODIFY `id` int(11) NOT NULL AUTO_INCREMENT;

--
-- 使用表AUTO_INCREMENT `interaction_logs`
--
ALTER TABLE `interaction_logs`
  MODIFY `id` bigint(20) NOT NULL AUTO_INCREMENT;

--
-- 使用表AUTO_INCREMENT `products`
--
ALTER TABLE `products`
  MODIFY `id` int(11) NOT NULL AUTO_INCREMENT, AUTO_INCREMENT=11;

--
-- 使用表AUTO_INCREMENT `users`
--
ALTER TABLE `users`
  MODIFY `id` int(11) NOT NULL AUTO_INCREMENT, AUTO_INCREMENT=61;

--
-- 限制导出的表
--

--
-- 限制表 `device_binding_history`
--
ALTER TABLE `device_binding_history`
  ADD CONSTRAINT `device_binding_history_ibfk_1` FOREIGN KEY (`user_id`) REFERENCES `users` (`id`),
  ADD CONSTRAINT `device_binding_history_ibfk_2` FOREIGN KEY (`product_id`) REFERENCES `products` (`id`);
COMMIT;

/*!40101 SET CHARACTER_SET_CLIENT=@OLD_CHARACTER_SET_CLIENT */;
/*!40101 SET CHARACTER_SET_RESULTS=@OLD_CHARACTER_SET_RESULTS */;
/*!40101 SET COLLATION_CONNECTION=@OLD_COLLATION_CONNECTION */;
